file_name,spot_id,name,kana,area,background,date
82533_1_46a14c23643910ad060644940afee095.jpg,82533,出釈迦寺,しゅっしゃかじ,香川県善通寺市吉原町1091番地,出釈迦寺（しゅっしゃかじ）は、香川県善通寺市にある真言宗御室派の寺院。四国八十八箇所霊場の第七十三番札所。我拝師山 求聞持院 出釈迦寺と号する。本尊は釈迦如来。本尊真言：のうまく さんまんだ ぼだなん ばくご詠歌：迷ひぬる 六道衆生 ...山号我拝師山院号求聞持院宗旨真言宗宗派御室派本尊釈迦如来開基伝・弘法大師空海正式名我拝師山　求聞持院　出釈迦寺札所等四国霊場第七十三番札所七ヶ所まいりウィキペディア,2025-11-17T20:12:22.000+09:00
82533_2_7ef0c02e0aae3771ab3f929bdafc5c74.jpg,82533,出釈迦寺,しゅっしゃかじ,香川県善通寺市吉原町1091番地,出釈迦寺（しゅっしゃかじ）は、香川県善通寺市にある真言宗御室派の寺院。四国八十八箇所霊場の第七十三番札所。我拝師山 求聞持院 出釈迦寺と号する。本尊は釈迦如来。本尊真言：のうまく さんまんだ ぼだなん ばくご詠歌：迷ひぬる 六道衆生 ...山号我拝師山院号求聞持院宗旨真言宗宗派御室派本尊釈迦如来開基伝・弘法大師空海正式名我拝師山　求聞持院　出釈迦寺札所等四国霊場第七十三番札所七ヶ所まいりウィキペディア,2025-11-16T18:52:00.000+09:00
82533_3_0ffd07a315ddc5509b3c49fc2a968549.jpg,82533,出釈迦寺,しゅっしゃかじ,香川県善通寺市吉原町1091番地,出釈迦寺（しゅっしゃかじ）は、香川県善通寺市にある真言宗御室派の寺院。四国八十八箇所霊場の第七十三番札所。我拝師山 求聞持院 出釈迦寺と号する。本尊は釈迦如来。本尊真言：のうまく さんまんだ ぼだなん ばくご詠歌：迷ひぬる 六道衆生 ...山号我拝師山院号求聞持院宗旨真言宗宗派御室派本尊釈迦如来開基伝・弘法大師空海正式名我拝師山　求聞持院　出釈迦寺札所等四国霊場第七十三番札所七ヶ所まいりウィキペディア,2025-11-12T00:17:51.000+09:00
82533_4_f72352627aeec0b148a98feaf4ea789c.jpg,82533,出釈迦寺,しゅっしゃかじ,香川県善通寺市吉原町1091番地,出釈迦寺（しゅっしゃかじ）は、香川県善通寺市にある真言宗御室派の寺院。四国八十八箇所霊場の第七十三番札所。我拝師山 求聞持院 出釈迦寺と号する。本尊は釈迦如来。本尊真言：のうまく さんまんだ ぼだなん ばくご詠歌：迷ひぬる 六道衆生 ...山号我拝師山院号求聞持院宗旨真言宗宗派御室派本尊釈迦如来開基伝・弘法大師空海正式名我拝師山　求聞持院　出釈迦寺札所等四国霊場第七十三番札所七ヶ所まいりウィキペディア,2025-07-09T08:07:16.000+09:00
82533_5_8e6bfadce84b20136dab31c23c1761d8.jpg,82533,出釈迦寺,しゅっしゃかじ,香川県善通寺市吉原町1091番地,出釈迦寺（しゅっしゃかじ）は、香川県善通寺市にある真言宗御室派の寺院。四国八十八箇所霊場の第七十三番札所。我拝師山 求聞持院 出釈迦寺と号する。本尊は釈迦如来。本尊真言：のうまく さんまんだ ぼだなん ばくご詠歌：迷ひぬる 六道衆生 ...山号我拝師山院号求聞持院宗旨真言宗宗派御室派本尊釈迦如来開基伝・弘法大師空海正式名我拝師山　求聞持院　出釈迦寺札所等四国霊場第七十三番札所七ヶ所まいりウィキペディア,2025-06-18T12:35:47.000+09:00
82533_6_4cd3fe5ded47be2d3837c7bf08d9901f.jpg,82533,出釈迦寺,しゅっしゃかじ,香川県善通寺市吉原町1091番地,出釈迦寺（しゅっしゃかじ）は、香川県善通寺市にある真言宗御室派の寺院。四国八十八箇所霊場の第七十三番札所。我拝師山 求聞持院 出釈迦寺と号する。本尊は釈迦如来。本尊真言：のうまく さんまんだ ぼだなん ばくご詠歌：迷ひぬる 六道衆生 ...山号我拝師山院号求聞持院宗旨真言宗宗派御室派本尊釈迦如来開基伝・弘法大師空海正式名我拝師山　求聞持院　出釈迦寺札所等四国霊場第七十三番札所七ヶ所まいりウィキペディア,2025-06-16T12:01:35.000+09:00
82533_7_cb92f97d6b2cdc558e897efa6975b5c9.jpg,82533,出釈迦寺,しゅっしゃかじ,香川県善通寺市吉原町1091番地,出釈迦寺（しゅっしゃかじ）は、香川県善通寺市にある真言宗御室派の寺院。四国八十八箇所霊場の第七十三番札所。我拝師山 求聞持院 出釈迦寺と号する。本尊は釈迦如来。本尊真言：のうまく さんまんだ ぼだなん ばくご詠歌：迷ひぬる 六道衆生 ...山号我拝師山院号求聞持院宗旨真言宗宗派御室派本尊釈迦如来開基伝・弘法大師空海正式名我拝師山　求聞持院　出釈迦寺札所等四国霊場第七十三番札所七ヶ所まいりウィキペディア,2025-04-16T18:11:05.000+09:00
82533_8_272dee34dc3d61f86c88f68075b6915a.jpg,82533,出釈迦寺,しゅっしゃかじ,香川県善通寺市吉原町1091番地,出釈迦寺（しゅっしゃかじ）は、香川県善通寺市にある真言宗御室派の寺院。四国八十八箇所霊場の第七十三番札所。我拝師山 求聞持院 出釈迦寺と号する。本尊は釈迦如来。本尊真言：のうまく さんまんだ ぼだなん ばくご詠歌：迷ひぬる 六道衆生 ...山号我拝師山院号求聞持院宗旨真言宗宗派御室派本尊釈迦如来開基伝・弘法大師空海正式名我拝師山　求聞持院　出釈迦寺札所等四国霊場第七十三番札所七ヶ所まいりウィキペディア,2025-04-15T16:15:00.000+09:00
82533_9_c92965cc5e2a178ff58292efcdc01c37.jpg,82533,出釈迦寺,しゅっしゃかじ,香川県善通寺市吉原町1091番地,出釈迦寺（しゅっしゃかじ）は、香川県善通寺市にある真言宗御室派の寺院。四国八十八箇所霊場の第七十三番札所。我拝師山 求聞持院 出釈迦寺と号する。本尊は釈迦如来。本尊真言：のうまく さんまんだ ぼだなん ばくご詠歌：迷ひぬる 六道衆生 ...山号我拝師山院号求聞持院宗旨真言宗宗派御室派本尊釈迦如来開基伝・弘法大師空海正式名我拝師山　求聞持院　出釈迦寺札所等四国霊場第七十三番札所七ヶ所まいりウィキペディア,2025-04-15T16:14:47.000+09:00
82533_10_b8ca3324f688afcc3895e6e3f82046d8.jpg,82533,出釈迦寺,しゅっしゃかじ,香川県善通寺市吉原町1091番地,出釈迦寺（しゅっしゃかじ）は、香川県善通寺市にある真言宗御室派の寺院。四国八十八箇所霊場の第七十三番札所。我拝師山 求聞持院 出釈迦寺と号する。本尊は釈迦如来。本尊真言：のうまく さんまんだ ぼだなん ばくご詠歌：迷ひぬる 六道衆生 ...山号我拝師山院号求聞持院宗旨真言宗宗派御室派本尊釈迦如来開基伝・弘法大師空海正式名我拝師山　求聞持院　出釈迦寺札所等四国霊場第七十三番札所七ヶ所まいりウィキペディア,2024-10-20T16:29:03.000+09:00
82533_11_2f55e16cc28bd39db01c169ce9596927.jpg,82533,出釈迦寺,しゅっしゃかじ,香川県善通寺市吉原町1091番地,出釈迦寺（しゅっしゃかじ）は、香川県善通寺市にある真言宗御室派の寺院。四国八十八箇所霊場の第七十三番札所。我拝師山 求聞持院 出釈迦寺と号する。本尊は釈迦如来。本尊真言：のうまく さんまんだ ぼだなん ばくご詠歌：迷ひぬる 六道衆生 ...山号我拝師山院号求聞持院宗旨真言宗宗派御室派本尊釈迦如来開基伝・弘法大師空海正式名我拝師山　求聞持院　出釈迦寺札所等四国霊場第七十三番札所七ヶ所まいりウィキペディア,2024-10-16T23:01:20.000+09:00
82533_12_3cfc44a98a18c25273e85cfef0a878ff.jpg,82533,出釈迦寺,しゅっしゃかじ,香川県善通寺市吉原町1091番地,出釈迦寺（しゅっしゃかじ）は、香川県善通寺市にある真言宗御室派の寺院。四国八十八箇所霊場の第七十三番札所。我拝師山 求聞持院 出釈迦寺と号する。本尊は釈迦如来。本尊真言：のうまく さんまんだ ぼだなん ばくご詠歌：迷ひぬる 六道衆生 ...山号我拝師山院号求聞持院宗旨真言宗宗派御室派本尊釈迦如来開基伝・弘法大師空海正式名我拝師山　求聞持院　出釈迦寺札所等四国霊場第七十三番札所七ヶ所まいりウィキペディア,2024-09-16T18:06:23.000+09:00
82533_13_89984eb44436764068cac026afa55463.jpg,82533,出釈迦寺,しゅっしゃかじ,香川県善通寺市吉原町1091番地,出釈迦寺（しゅっしゃかじ）は、香川県善通寺市にある真言宗御室派の寺院。四国八十八箇所霊場の第七十三番札所。我拝師山 求聞持院 出釈迦寺と号する。本尊は釈迦如来。本尊真言：のうまく さんまんだ ぼだなん ばくご詠歌：迷ひぬる 六道衆生 ...山号我拝師山院号求聞持院宗旨真言宗宗派御室派本尊釈迦如来開基伝・弘法大師空海正式名我拝師山　求聞持院　出釈迦寺札所等四国霊場第七十三番札所七ヶ所まいりウィキペディア,2024-02-16T21:16:36.000+09:00
82533_14_4584c0f98b6ff27f68f3caefa6b6a81c.jpg,82533,出釈迦寺,しゅっしゃかじ,香川県善通寺市吉原町1091番地,出釈迦寺（しゅっしゃかじ）は、香川県善通寺市にある真言宗御室派の寺院。四国八十八箇所霊場の第七十三番札所。我拝師山 求聞持院 出釈迦寺と号する。本尊は釈迦如来。本尊真言：のうまく さんまんだ ぼだなん ばくご詠歌：迷ひぬる 六道衆生 ...山号我拝師山院号求聞持院宗旨真言宗宗派御室派本尊釈迦如来開基伝・弘法大師空海正式名我拝師山　求聞持院　出釈迦寺札所等四国霊場第七十三番札所七ヶ所まいりウィキペディア,2024-02-11T22:56:32.000+09:00
82533_15_cffa0792e6bf238fa33296744f8dd72f.jpg,82533,出釈迦寺,しゅっしゃかじ,香川県善通寺市吉原町1091番地,出釈迦寺（しゅっしゃかじ）は、香川県善通寺市にある真言宗御室派の寺院。四国八十八箇所霊場の第七十三番札所。我拝師山 求聞持院 出釈迦寺と号する。本尊は釈迦如来。本尊真言：のうまく さんまんだ ぼだなん ばくご詠歌：迷ひぬる 六道衆生 ...山号我拝師山院号求聞持院宗旨真言宗宗派御室派本尊釈迦如来開基伝・弘法大師空海正式名我拝師山　求聞持院　出釈迦寺札所等四国霊場第七十三番札所七ヶ所まいりウィキペディア,2024-02-06T21:08:36.000+09:00
83006_1_263b14224ffb63887a2e5450ecf72e24.jpg,83006,甲山寺,こうやまじ,香川県善通寺市弘田町1765番地1,甲山寺（こうやまじ）は、香川県善通寺市にある真言宗善通寺派の寺院。詳しくは医王山 多宝院 甲山寺と号する。本尊は薬師如来。四国八十八箇所霊場の第七十四番札所。本尊真言：おん ころころ せんだりまとうぎ そわかご詠歌：十二神 味方に持て...山号医王山院号多宝院宗旨真言宗宗派善通寺派創建伝・弘仁十二年(８２１年)本尊薬師如来開基伝・弘法大師空海正式名医王山　多宝院　甲山寺札所等四国霊場第七十四番札所七ヶ所まいりウィキペディア,2025-11-17T19:34:47.000+09:00
83006_2_8bee7589cae8cbd637a76fc5afe4a99c.jpg,83006,甲山寺,こうやまじ,香川県善通寺市弘田町1765番地1,甲山寺（こうやまじ）は、香川県善通寺市にある真言宗善通寺派の寺院。詳しくは医王山 多宝院 甲山寺と号する。本尊は薬師如来。四国八十八箇所霊場の第七十四番札所。本尊真言：おん ころころ せんだりまとうぎ そわかご詠歌：十二神 味方に持て...山号医王山院号多宝院宗旨真言宗宗派善通寺派創建伝・弘仁十二年(８２１年)本尊薬師如来開基伝・弘法大師空海正式名医王山　多宝院　甲山寺札所等四国霊場第七十四番札所七ヶ所まいりウィキペディア,2025-11-16T18:58:11.000+09:00
83006_3_b3ef00a7d9f2afb880cc05ae4d810c33.jpg,83006,甲山寺,こうやまじ,香川県善通寺市弘田町1765番地1,甲山寺（こうやまじ）は、香川県善通寺市にある真言宗善通寺派の寺院。詳しくは医王山 多宝院 甲山寺と号する。本尊は薬師如来。四国八十八箇所霊場の第七十四番札所。本尊真言：おん ころころ せんだりまとうぎ そわかご詠歌：十二神 味方に持て...山号医王山院号多宝院宗旨真言宗宗派善通寺派創建伝・弘仁十二年(８２１年)本尊薬師如来開基伝・弘法大師空海正式名医王山　多宝院　甲山寺札所等四国霊場第七十四番札所七ヶ所まいりウィキペディア,2025-11-12T00:19:08.000+09:00
83006_4_9094aa062ab5d884ce1c2c26c249a08a.jpg,83006,甲山寺,こうやまじ,香川県善通寺市弘田町1765番地1,甲山寺（こうやまじ）は、香川県善通寺市にある真言宗善通寺派の寺院。詳しくは医王山 多宝院 甲山寺と号する。本尊は薬師如来。四国八十八箇所霊場の第七十四番札所。本尊真言：おん ころころ せんだりまとうぎ そわかご詠歌：十二神 味方に持て...山号医王山院号多宝院宗旨真言宗宗派善通寺派創建伝・弘仁十二年(８２１年)本尊薬師如来開基伝・弘法大師空海正式名医王山　多宝院　甲山寺札所等四国霊場第七十四番札所七ヶ所まいりウィキペディア,2025-06-19T08:39:04.000+09:00
83006_5_08bf30a01fe2b322a41f1ded84baae3e.jpg,83006,甲山寺,こうやまじ,香川県善通寺市弘田町1765番地1,甲山寺（こうやまじ）は、香川県善通寺市にある真言宗善通寺派の寺院。詳しくは医王山 多宝院 甲山寺と号する。本尊は薬師如来。四国八十八箇所霊場の第七十四番札所。本尊真言：おん ころころ せんだりまとうぎ そわかご詠歌：十二神 味方に持て...山号医王山院号多宝院宗旨真言宗宗派善通寺派創建伝・弘仁十二年(８２１年)本尊薬師如来開基伝・弘法大師空海正式名医王山　多宝院　甲山寺札所等四国霊場第七十四番札所七ヶ所まいりウィキペディア,2025-06-13T06:17:57.000+09:00
83006_6_77991beb77373951cbcb6c584b4e2c6d.jpg,83006,甲山寺,こうやまじ,香川県善通寺市弘田町1765番地1,甲山寺（こうやまじ）は、香川県善通寺市にある真言宗善通寺派の寺院。詳しくは医王山 多宝院 甲山寺と号する。本尊は薬師如来。四国八十八箇所霊場の第七十四番札所。本尊真言：おん ころころ せんだりまとうぎ そわかご詠歌：十二神 味方に持て...山号医王山院号多宝院宗旨真言宗宗派善通寺派創建伝・弘仁十二年(８２１年)本尊薬師如来開基伝・弘法大師空海正式名医王山　多宝院　甲山寺札所等四国霊場第七十四番札所七ヶ所まいりウィキペディア,2025-06-11T20:37:09.000+09:00
83006_7_040ab4b30248c14feb4fa49df2a95937.jpg,83006,甲山寺,こうやまじ,香川県善通寺市弘田町1765番地1,甲山寺（こうやまじ）は、香川県善通寺市にある真言宗善通寺派の寺院。詳しくは医王山 多宝院 甲山寺と号する。本尊は薬師如来。四国八十八箇所霊場の第七十四番札所。本尊真言：おん ころころ せんだりまとうぎ そわかご詠歌：十二神 味方に持て...山号医王山院号多宝院宗旨真言宗宗派善通寺派創建伝・弘仁十二年(８２１年)本尊薬師如来開基伝・弘法大師空海正式名医王山　多宝院　甲山寺札所等四国霊場第七十四番札所七ヶ所まいりウィキペディア,2025-04-07T06:15:39.000+09:00
83006_8_ffdd2c96c7652a6603b6e450343287f0.jpg,83006,甲山寺,こうやまじ,香川県善通寺市弘田町1765番地1,甲山寺（こうやまじ）は、香川県善通寺市にある真言宗善通寺派の寺院。詳しくは医王山 多宝院 甲山寺と号する。本尊は薬師如来。四国八十八箇所霊場の第七十四番札所。本尊真言：おん ころころ せんだりまとうぎ そわかご詠歌：十二神 味方に持て...山号医王山院号多宝院宗旨真言宗宗派善通寺派創建伝・弘仁十二年(８２１年)本尊薬師如来開基伝・弘法大師空海正式名医王山　多宝院　甲山寺札所等四国霊場第七十四番札所七ヶ所まいりウィキペディア,2025-03-13T15:19:13.000+09:00
83006_9_bba646582ac649b4cde59853da275d1d.jpg,83006,甲山寺,こうやまじ,香川県善通寺市弘田町1765番地1,甲山寺（こうやまじ）は、香川県善通寺市にある真言宗善通寺派の寺院。詳しくは医王山 多宝院 甲山寺と号する。本尊は薬師如来。四国八十八箇所霊場の第七十四番札所。本尊真言：おん ころころ せんだりまとうぎ そわかご詠歌：十二神 味方に持て...山号医王山院号多宝院宗旨真言宗宗派善通寺派創建伝・弘仁十二年(８２１年)本尊薬師如来開基伝・弘法大師空海正式名医王山　多宝院　甲山寺札所等四国霊場第七十四番札所七ヶ所まいりウィキペディア,2025-03-12T06:15:54.000+09:00
83006_10_a1b03e081272935c5688dfc321727f56.jpg,83006,甲山寺,こうやまじ,香川県善通寺市弘田町1765番地1,甲山寺（こうやまじ）は、香川県善通寺市にある真言宗善通寺派の寺院。詳しくは医王山 多宝院 甲山寺と号する。本尊は薬師如来。四国八十八箇所霊場の第七十四番札所。本尊真言：おん ころころ せんだりまとうぎ そわかご詠歌：十二神 味方に持て...山号医王山院号多宝院宗旨真言宗宗派善通寺派創建伝・弘仁十二年(８２１年)本尊薬師如来開基伝・弘法大師空海正式名医王山　多宝院　甲山寺札所等四国霊場第七十四番札所七ヶ所まいりウィキペディア,2024-06-18T07:03:43.000+09:00
83006_11_fa481c7f5003879988b8c737a1914fd9.jpg,83006,甲山寺,こうやまじ,香川県善通寺市弘田町1765番地1,甲山寺（こうやまじ）は、香川県善通寺市にある真言宗善通寺派の寺院。詳しくは医王山 多宝院 甲山寺と号する。本尊は薬師如来。四国八十八箇所霊場の第七十四番札所。本尊真言：おん ころころ せんだりまとうぎ そわかご詠歌：十二神 味方に持て...山号医王山院号多宝院宗旨真言宗宗派善通寺派創建伝・弘仁十二年(８２１年)本尊薬師如来開基伝・弘法大師空海正式名医王山　多宝院　甲山寺札所等四国霊場第七十四番札所七ヶ所まいりウィキペディア,2024-06-16T20:23:44.000+09:00
83006_12_0c94e101c9fbd2fdf66627ce0adb584e.jpg,83006,甲山寺,こうやまじ,香川県善通寺市弘田町1765番地1,甲山寺（こうやまじ）は、香川県善通寺市にある真言宗善通寺派の寺院。詳しくは医王山 多宝院 甲山寺と号する。本尊は薬師如来。四国八十八箇所霊場の第七十四番札所。本尊真言：おん ころころ せんだりまとうぎ そわかご詠歌：十二神 味方に持て...山号医王山院号多宝院宗旨真言宗宗派善通寺派創建伝・弘仁十二年(８２１年)本尊薬師如来開基伝・弘法大師空海正式名医王山　多宝院　甲山寺札所等四国霊場第七十四番札所七ヶ所まいりウィキペディア,2024-05-05T07:41:38.000+09:00
83006_13_969c778c2c664005bd911103ab726472.jpg,83006,甲山寺,こうやまじ,香川県善通寺市弘田町1765番地1,甲山寺（こうやまじ）は、香川県善通寺市にある真言宗善通寺派の寺院。詳しくは医王山 多宝院 甲山寺と号する。本尊は薬師如来。四国八十八箇所霊場の第七十四番札所。本尊真言：おん ころころ せんだりまとうぎ そわかご詠歌：十二神 味方に持て...山号医王山院号多宝院宗旨真言宗宗派善通寺派創建伝・弘仁十二年(８２１年)本尊薬師如来開基伝・弘法大師空海正式名医王山　多宝院　甲山寺札所等四国霊場第七十四番札所七ヶ所まいりウィキペディア,2023-11-05T19:46:32.000+09:00
83006_14_13420f50aed978a64f0793d055329cec.jpg,83006,甲山寺,こうやまじ,香川県善通寺市弘田町1765番地1,甲山寺（こうやまじ）は、香川県善通寺市にある真言宗善通寺派の寺院。詳しくは医王山 多宝院 甲山寺と号する。本尊は薬師如来。四国八十八箇所霊場の第七十四番札所。本尊真言：おん ころころ せんだりまとうぎ そわかご詠歌：十二神 味方に持て...山号医王山院号多宝院宗旨真言宗宗派善通寺派創建伝・弘仁十二年(８２１年)本尊薬師如来開基伝・弘法大師空海正式名医王山　多宝院　甲山寺札所等四国霊場第七十四番札所七ヶ所まいりウィキペディア,2023-11-05T19:46:31.000+09:00
83006_15_59e5643b124e26f4cef69f14f3f797ea.jpg,83006,甲山寺,こうやまじ,香川県善通寺市弘田町1765番地1,甲山寺（こうやまじ）は、香川県善通寺市にある真言宗善通寺派の寺院。詳しくは医王山 多宝院 甲山寺と号する。本尊は薬師如来。四国八十八箇所霊場の第七十四番札所。本尊真言：おん ころころ せんだりまとうぎ そわかご詠歌：十二神 味方に持て...山号医王山院号多宝院宗旨真言宗宗派善通寺派創建伝・弘仁十二年(８２１年)本尊薬師如来開基伝・弘法大師空海正式名医王山　多宝院　甲山寺札所等四国霊場第七十四番札所七ヶ所まいりウィキペディア,2023-11-01T23:04:29.000+09:00
81814_1_dc00946712d5520ff27750a31b9ce8e3.jpg,81814,善通寺,ぜんつうじ,香川県善通寺市善通寺町三丁目3番1号,五岳山 善通寺の創建は、『多度郡屏風浦善通寺之記』（江戸時代中期成立）によると、唐より帰朝されたお大師さまが、御父の寄進した四町四方の地に、師である恵果和尚の住した長安・青龍寺を模して建立したお寺で、大同2年（807）臘月（陰暦12月）朔日に斧始めを行い、弘仁4年（813）6月15日に落慶し、父の諱「善通（よしみち）」をとって「善通寺」と号したと記されています。鎌倉時代に佐伯家の邸宅跡に「誕生院」が建立され、江戸時代までは、善通寺と誕生院のそれぞれに住職をおく別々のお寺でしたが、明治時代に至り善通寺として一つのお寺となりました。現在は真言宗善通寺派の総本山であり、また四国八十八ヶ所霊場の75番札所でもあります。,2025-12-08T16:51:04.000+09:00
81814_2_5f81409ac799163d6af54c73a8083386.jpg,81814,善通寺,ぜんつうじ,香川県善通寺市善通寺町三丁目3番1号,五岳山 善通寺の創建は、『多度郡屏風浦善通寺之記』（江戸時代中期成立）によると、唐より帰朝されたお大師さまが、御父の寄進した四町四方の地に、師である恵果和尚の住した長安・青龍寺を模して建立したお寺で、大同2年（807）臘月（陰暦12月）朔日に斧始めを行い、弘仁4年（813）6月15日に落慶し、父の諱「善通（よしみち）」をとって「善通寺」と号したと記されています。鎌倉時代に佐伯家の邸宅跡に「誕生院」が建立され、江戸時代までは、善通寺と誕生院のそれぞれに住職をおく別々のお寺でしたが、明治時代に至り善通寺として一つのお寺となりました。現在は真言宗善通寺派の総本山であり、また四国八十八ヶ所霊場の75番札所でもあります。,2025-12-08T16:51:04.000+09:00
81814_3_4399ca9cce819ef50e82e5090adb7a0f.jpg,81814,善通寺,ぜんつうじ,香川県善通寺市善通寺町三丁目3番1号,五岳山 善通寺の創建は、『多度郡屏風浦善通寺之記』（江戸時代中期成立）によると、唐より帰朝されたお大師さまが、御父の寄進した四町四方の地に、師である恵果和尚の住した長安・青龍寺を模して建立したお寺で、大同2年（807）臘月（陰暦12月）朔日に斧始めを行い、弘仁4年（813）6月15日に落慶し、父の諱「善通（よしみち）」をとって「善通寺」と号したと記されています。鎌倉時代に佐伯家の邸宅跡に「誕生院」が建立され、江戸時代までは、善通寺と誕生院のそれぞれに住職をおく別々のお寺でしたが、明治時代に至り善通寺として一つのお寺となりました。現在は真言宗善通寺派の総本山であり、また四国八十八ヶ所霊場の75番札所でもあります。,2025-12-08T16:51:04.000+09:00
81814_4_041f95bc63bd7a26830858713b202e36.jpg,81814,善通寺,ぜんつうじ,香川県善通寺市善通寺町三丁目3番1号,五岳山 善通寺の創建は、『多度郡屏風浦善通寺之記』（江戸時代中期成立）によると、唐より帰朝されたお大師さまが、御父の寄進した四町四方の地に、師である恵果和尚の住した長安・青龍寺を模して建立したお寺で、大同2年（807）臘月（陰暦12月）朔日に斧始めを行い、弘仁4年（813）6月15日に落慶し、父の諱「善通（よしみち）」をとって「善通寺」と号したと記されています。鎌倉時代に佐伯家の邸宅跡に「誕生院」が建立され、江戸時代までは、善通寺と誕生院のそれぞれに住職をおく別々のお寺でしたが、明治時代に至り善通寺として一つのお寺となりました。現在は真言宗善通寺派の総本山であり、また四国八十八ヶ所霊場の75番札所でもあります。,2025-10-17T23:01:06.000+09:00
81814_5_495d95df8cbb0d6355adb09fbc912877.jpg,81814,善通寺,ぜんつうじ,香川県善通寺市善通寺町三丁目3番1号,五岳山 善通寺の創建は、『多度郡屏風浦善通寺之記』（江戸時代中期成立）によると、唐より帰朝されたお大師さまが、御父の寄進した四町四方の地に、師である恵果和尚の住した長安・青龍寺を模して建立したお寺で、大同2年（807）臘月（陰暦12月）朔日に斧始めを行い、弘仁4年（813）6月15日に落慶し、父の諱「善通（よしみち）」をとって「善通寺」と号したと記されています。鎌倉時代に佐伯家の邸宅跡に「誕生院」が建立され、江戸時代までは、善通寺と誕生院のそれぞれに住職をおく別々のお寺でしたが、明治時代に至り善通寺として一つのお寺となりました。現在は真言宗善通寺派の総本山であり、また四国八十八ヶ所霊場の75番札所でもあります。,2025-10-06T06:59:50.000+09:00
81814_6_02687d61b1e4c9ee85ea4d13c212c271.jpg,81814,善通寺,ぜんつうじ,香川県善通寺市善通寺町三丁目3番1号,五岳山 善通寺の創建は、『多度郡屏風浦善通寺之記』（江戸時代中期成立）によると、唐より帰朝されたお大師さまが、御父の寄進した四町四方の地に、師である恵果和尚の住した長安・青龍寺を模して建立したお寺で、大同2年（807）臘月（陰暦12月）朔日に斧始めを行い、弘仁4年（813）6月15日に落慶し、父の諱「善通（よしみち）」をとって「善通寺」と号したと記されています。鎌倉時代に佐伯家の邸宅跡に「誕生院」が建立され、江戸時代までは、善通寺と誕生院のそれぞれに住職をおく別々のお寺でしたが、明治時代に至り善通寺として一つのお寺となりました。現在は真言宗善通寺派の総本山であり、また四国八十八ヶ所霊場の75番札所でもあります。,2025-10-03T18:30:14.000+09:00
81814_7_70f24bbd3821cfb1e36798e7095e061b.jpg,81814,善通寺,ぜんつうじ,香川県善通寺市善通寺町三丁目3番1号,五岳山 善通寺の創建は、『多度郡屏風浦善通寺之記』（江戸時代中期成立）によると、唐より帰朝されたお大師さまが、御父の寄進した四町四方の地に、師である恵果和尚の住した長安・青龍寺を模して建立したお寺で、大同2年（807）臘月（陰暦12月）朔日に斧始めを行い、弘仁4年（813）6月15日に落慶し、父の諱「善通（よしみち）」をとって「善通寺」と号したと記されています。鎌倉時代に佐伯家の邸宅跡に「誕生院」が建立され、江戸時代までは、善通寺と誕生院のそれぞれに住職をおく別々のお寺でしたが、明治時代に至り善通寺として一つのお寺となりました。現在は真言宗善通寺派の総本山であり、また四国八十八ヶ所霊場の75番札所でもあります。,2025-07-14T11:05:49.000+09:00
81814_8_9ce40e44ff1934f85e44f91e42ee2065.jpg,81814,善通寺,ぜんつうじ,香川県善通寺市善通寺町三丁目3番1号,五岳山 善通寺の創建は、『多度郡屏風浦善通寺之記』（江戸時代中期成立）によると、唐より帰朝されたお大師さまが、御父の寄進した四町四方の地に、師である恵果和尚の住した長安・青龍寺を模して建立したお寺で、大同2年（807）臘月（陰暦12月）朔日に斧始めを行い、弘仁4年（813）6月15日に落慶し、父の諱「善通（よしみち）」をとって「善通寺」と号したと記されています。鎌倉時代に佐伯家の邸宅跡に「誕生院」が建立され、江戸時代までは、善通寺と誕生院のそれぞれに住職をおく別々のお寺でしたが、明治時代に至り善通寺として一つのお寺となりました。現在は真言宗善通寺派の総本山であり、また四国八十八ヶ所霊場の75番札所でもあります。,2025-06-23T10:39:10.000+09:00
81814_9_85991c11c195e222769f63c3718017b7.jpg,81814,善通寺,ぜんつうじ,香川県善通寺市善通寺町三丁目3番1号,五岳山 善通寺の創建は、『多度郡屏風浦善通寺之記』（江戸時代中期成立）によると、唐より帰朝されたお大師さまが、御父の寄進した四町四方の地に、師である恵果和尚の住した長安・青龍寺を模して建立したお寺で、大同2年（807）臘月（陰暦12月）朔日に斧始めを行い、弘仁4年（813）6月15日に落慶し、父の諱「善通（よしみち）」をとって「善通寺」と号したと記されています。鎌倉時代に佐伯家の邸宅跡に「誕生院」が建立され、江戸時代までは、善通寺と誕生院のそれぞれに住職をおく別々のお寺でしたが、明治時代に至り善通寺として一つのお寺となりました。現在は真言宗善通寺派の総本山であり、また四国八十八ヶ所霊場の75番札所でもあります。,2025-06-23T10:39:07.000+09:00
81814_10_2b76e16eb2c50c5ad1114c647e816974.jpg,81814,善通寺,ぜんつうじ,香川県善通寺市善通寺町三丁目3番1号,五岳山 善通寺の創建は、『多度郡屏風浦善通寺之記』（江戸時代中期成立）によると、唐より帰朝されたお大師さまが、御父の寄進した四町四方の地に、師である恵果和尚の住した長安・青龍寺を模して建立したお寺で、大同2年（807）臘月（陰暦12月）朔日に斧始めを行い、弘仁4年（813）6月15日に落慶し、父の諱「善通（よしみち）」をとって「善通寺」と号したと記されています。鎌倉時代に佐伯家の邸宅跡に「誕生院」が建立され、江戸時代までは、善通寺と誕生院のそれぞれに住職をおく別々のお寺でしたが、明治時代に至り善通寺として一つのお寺となりました。現在は真言宗善通寺派の総本山であり、また四国八十八ヶ所霊場の75番札所でもあります。,2025-05-05T18:41:12.000+09:00
81814_11_ac253efcf24b4d32899170ad2c81de2c.jpg,81814,善通寺,ぜんつうじ,香川県善通寺市善通寺町三丁目3番1号,五岳山 善通寺の創建は、『多度郡屏風浦善通寺之記』（江戸時代中期成立）によると、唐より帰朝されたお大師さまが、御父の寄進した四町四方の地に、師である恵果和尚の住した長安・青龍寺を模して建立したお寺で、大同2年（807）臘月（陰暦12月）朔日に斧始めを行い、弘仁4年（813）6月15日に落慶し、父の諱「善通（よしみち）」をとって「善通寺」と号したと記されています。鎌倉時代に佐伯家の邸宅跡に「誕生院」が建立され、江戸時代までは、善通寺と誕生院のそれぞれに住職をおく別々のお寺でしたが、明治時代に至り善通寺として一つのお寺となりました。現在は真言宗善通寺派の総本山であり、また四国八十八ヶ所霊場の75番札所でもあります。,2025-05-04T21:07:43.000+09:00
81814_12_716fa4ddd96a285b8c32d9251cafa9ea.jpg,81814,善通寺,ぜんつうじ,香川県善通寺市善通寺町三丁目3番1号,五岳山 善通寺の創建は、『多度郡屏風浦善通寺之記』（江戸時代中期成立）によると、唐より帰朝されたお大師さまが、御父の寄進した四町四方の地に、師である恵果和尚の住した長安・青龍寺を模して建立したお寺で、大同2年（807）臘月（陰暦12月）朔日に斧始めを行い、弘仁4年（813）6月15日に落慶し、父の諱「善通（よしみち）」をとって「善通寺」と号したと記されています。鎌倉時代に佐伯家の邸宅跡に「誕生院」が建立され、江戸時代までは、善通寺と誕生院のそれぞれに住職をおく別々のお寺でしたが、明治時代に至り善通寺として一つのお寺となりました。現在は真言宗善通寺派の総本山であり、また四国八十八ヶ所霊場の75番札所でもあります。,2025-05-04T20:51:19.000+09:00
81814_13_df99dc5c1f2af29f1e515a4c4596edd1.jpg,81814,善通寺,ぜんつうじ,香川県善通寺市善通寺町三丁目3番1号,五岳山 善通寺の創建は、『多度郡屏風浦善通寺之記』（江戸時代中期成立）によると、唐より帰朝されたお大師さまが、御父の寄進した四町四方の地に、師である恵果和尚の住した長安・青龍寺を模して建立したお寺で、大同2年（807）臘月（陰暦12月）朔日に斧始めを行い、弘仁4年（813）6月15日に落慶し、父の諱「善通（よしみち）」をとって「善通寺」と号したと記されています。鎌倉時代に佐伯家の邸宅跡に「誕生院」が建立され、江戸時代までは、善通寺と誕生院のそれぞれに住職をおく別々のお寺でしたが、明治時代に至り善通寺として一つのお寺となりました。現在は真言宗善通寺派の総本山であり、また四国八十八ヶ所霊場の75番札所でもあります。,2025-04-01T21:57:12.000+09:00
81814_14_5c32e19b7bbd4c0401a90267318d1470.jpg,81814,善通寺,ぜんつうじ,香川県善通寺市善通寺町三丁目3番1号,五岳山 善通寺の創建は、『多度郡屏風浦善通寺之記』（江戸時代中期成立）によると、唐より帰朝されたお大師さまが、御父の寄進した四町四方の地に、師である恵果和尚の住した長安・青龍寺を模して建立したお寺で、大同2年（807）臘月（陰暦12月）朔日に斧始めを行い、弘仁4年（813）6月15日に落慶し、父の諱「善通（よしみち）」をとって「善通寺」と号したと記されています。鎌倉時代に佐伯家の邸宅跡に「誕生院」が建立され、江戸時代までは、善通寺と誕生院のそれぞれに住職をおく別々のお寺でしたが、明治時代に至り善通寺として一つのお寺となりました。現在は真言宗善通寺派の総本山であり、また四国八十八ヶ所霊場の75番札所でもあります。,2025-04-01T21:57:12.000+09:00
81814_15_2e1190f7f891ac738d85363e52ce68b1.jpg,81814,善通寺,ぜんつうじ,香川県善通寺市善通寺町三丁目3番1号,五岳山 善通寺の創建は、『多度郡屏風浦善通寺之記』（江戸時代中期成立）によると、唐より帰朝されたお大師さまが、御父の寄進した四町四方の地に、師である恵果和尚の住した長安・青龍寺を模して建立したお寺で、大同2年（807）臘月（陰暦12月）朔日に斧始めを行い、弘仁4年（813）6月15日に落慶し、父の諱「善通（よしみち）」をとって「善通寺」と号したと記されています。鎌倉時代に佐伯家の邸宅跡に「誕生院」が建立され、江戸時代までは、善通寺と誕生院のそれぞれに住職をおく別々のお寺でしたが、明治時代に至り善通寺として一つのお寺となりました。現在は真言宗善通寺派の総本山であり、また四国八十八ヶ所霊場の75番札所でもあります。,2025-04-01T21:57:11.000+09:00
82394_1_f6300fc97f054623c8084907610121bb.jpg,82394,金倉寺,こんぞうじ,香川県善通寺市金蔵寺町字本村1160番地,金倉寺（こんぞうじ）は、香川県善通寺市金蔵寺町にある寺院。山号は鶏足山、鶏足山宝幢院金倉寺（けいそくざんほうどういんこんぞうじ）と号する。開基は和気道善、宝亀5年（774年）の創建と伝える。四国八十八箇所霊場の第七十六番札所。本尊は薬...山号鶏足山宗派天台寺門宗寺格別格本山創建（伝）宝亀5年（774年）本尊薬師如来開基（伝）和気道善正式名鶏足山 宝幢院 金倉寺札所等四国八十八箇所76番七ヶ所まいりウィキペディア,2025-11-17T19:27:47.000+09:00
82394_2_b0899ef39ebc320cf8261c3198872584.jpg,82394,金倉寺,こんぞうじ,香川県善通寺市金蔵寺町字本村1160番地,金倉寺（こんぞうじ）は、香川県善通寺市金蔵寺町にある寺院。山号は鶏足山、鶏足山宝幢院金倉寺（けいそくざんほうどういんこんぞうじ）と号する。開基は和気道善、宝亀5年（774年）の創建と伝える。四国八十八箇所霊場の第七十六番札所。本尊は薬...山号鶏足山宗派天台寺門宗寺格別格本山創建（伝）宝亀5年（774年）本尊薬師如来開基（伝）和気道善正式名鶏足山 宝幢院 金倉寺札所等四国八十八箇所76番七ヶ所まいりウィキペディア,2025-11-12T00:35:02.000+09:00
82394_3_06167edc33f2b44bbcbdb791dbd8575c.jpg,82394,金倉寺,こんぞうじ,香川県善通寺市金蔵寺町字本村1160番地,金倉寺（こんぞうじ）は、香川県善通寺市金蔵寺町にある寺院。山号は鶏足山、鶏足山宝幢院金倉寺（けいそくざんほうどういんこんぞうじ）と号する。開基は和気道善、宝亀5年（774年）の創建と伝える。四国八十八箇所霊場の第七十六番札所。本尊は薬...山号鶏足山宗派天台寺門宗寺格別格本山創建（伝）宝亀5年（774年）本尊薬師如来開基（伝）和気道善正式名鶏足山 宝幢院 金倉寺札所等四国八十八箇所76番七ヶ所まいりウィキペディア,2025-11-09T20:46:12.000+09:00
82394_4_d8519abab6a7f6f08312235f839381a6.jpg,82394,金倉寺,こんぞうじ,香川県善通寺市金蔵寺町字本村1160番地,金倉寺（こんぞうじ）は、香川県善通寺市金蔵寺町にある寺院。山号は鶏足山、鶏足山宝幢院金倉寺（けいそくざんほうどういんこんぞうじ）と号する。開基は和気道善、宝亀5年（774年）の創建と伝える。四国八十八箇所霊場の第七十六番札所。本尊は薬...山号鶏足山宗派天台寺門宗寺格別格本山創建（伝）宝亀5年（774年）本尊薬師如来開基（伝）和気道善正式名鶏足山 宝幢院 金倉寺札所等四国八十八箇所76番七ヶ所まいりウィキペディア,2025-07-21T10:51:20.000+09:00
82394_5_8306cfd7b8becf22d17546a55bc9af6f.jpg,82394,金倉寺,こんぞうじ,香川県善通寺市金蔵寺町字本村1160番地,金倉寺（こんぞうじ）は、香川県善通寺市金蔵寺町にある寺院。山号は鶏足山、鶏足山宝幢院金倉寺（けいそくざんほうどういんこんぞうじ）と号する。開基は和気道善、宝亀5年（774年）の創建と伝える。四国八十八箇所霊場の第七十六番札所。本尊は薬...山号鶏足山宗派天台寺門宗寺格別格本山創建（伝）宝亀5年（774年）本尊薬師如来開基（伝）和気道善正式名鶏足山 宝幢院 金倉寺札所等四国八十八箇所76番七ヶ所まいりウィキペディア,2025-07-18T08:37:02.000+09:00
82394_6_8603ec622f220f1bda559bea51188a13.jpg,82394,金倉寺,こんぞうじ,香川県善通寺市金蔵寺町字本村1160番地,金倉寺（こんぞうじ）は、香川県善通寺市金蔵寺町にある寺院。山号は鶏足山、鶏足山宝幢院金倉寺（けいそくざんほうどういんこんぞうじ）と号する。開基は和気道善、宝亀5年（774年）の創建と伝える。四国八十八箇所霊場の第七十六番札所。本尊は薬...山号鶏足山宗派天台寺門宗寺格別格本山創建（伝）宝亀5年（774年）本尊薬師如来開基（伝）和気道善正式名鶏足山 宝幢院 金倉寺札所等四国八十八箇所76番七ヶ所まいりウィキペディア,2025-07-15T07:53:40.000+09:00
82394_7_38b330d318485903a97b4badf35e1150.jpg,82394,金倉寺,こんぞうじ,香川県善通寺市金蔵寺町字本村1160番地,金倉寺（こんぞうじ）は、香川県善通寺市金蔵寺町にある寺院。山号は鶏足山、鶏足山宝幢院金倉寺（けいそくざんほうどういんこんぞうじ）と号する。開基は和気道善、宝亀5年（774年）の創建と伝える。四国八十八箇所霊場の第七十六番札所。本尊は薬...山号鶏足山宗派天台寺門宗寺格別格本山創建（伝）宝亀5年（774年）本尊薬師如来開基（伝）和気道善正式名鶏足山 宝幢院 金倉寺札所等四国八十八箇所76番七ヶ所まいりウィキペディア,2025-04-25T13:46:56.000+09:00
82394_8_fa43046edba4aff5ce3e3ee06eb1302d.jpg,82394,金倉寺,こんぞうじ,香川県善通寺市金蔵寺町字本村1160番地,金倉寺（こんぞうじ）は、香川県善通寺市金蔵寺町にある寺院。山号は鶏足山、鶏足山宝幢院金倉寺（けいそくざんほうどういんこんぞうじ）と号する。開基は和気道善、宝亀5年（774年）の創建と伝える。四国八十八箇所霊場の第七十六番札所。本尊は薬...山号鶏足山宗派天台寺門宗寺格別格本山創建（伝）宝亀5年（774年）本尊薬師如来開基（伝）和気道善正式名鶏足山 宝幢院 金倉寺札所等四国八十八箇所76番七ヶ所まいりウィキペディア,2025-04-06T10:55:07.000+09:00
82394_9_de3ead4496c1f5abecf3587f08bf61bf.jpg,82394,金倉寺,こんぞうじ,香川県善通寺市金蔵寺町字本村1160番地,金倉寺（こんぞうじ）は、香川県善通寺市金蔵寺町にある寺院。山号は鶏足山、鶏足山宝幢院金倉寺（けいそくざんほうどういんこんぞうじ）と号する。開基は和気道善、宝亀5年（774年）の創建と伝える。四国八十八箇所霊場の第七十六番札所。本尊は薬...山号鶏足山宗派天台寺門宗寺格別格本山創建（伝）宝亀5年（774年）本尊薬師如来開基（伝）和気道善正式名鶏足山 宝幢院 金倉寺札所等四国八十八箇所76番七ヶ所まいりウィキペディア,2025-03-13T15:18:29.000+09:00
82394_10_e8955d725a31d4041b39156e61603b18.jpg,82394,金倉寺,こんぞうじ,香川県善通寺市金蔵寺町字本村1160番地,金倉寺（こんぞうじ）は、香川県善通寺市金蔵寺町にある寺院。山号は鶏足山、鶏足山宝幢院金倉寺（けいそくざんほうどういんこんぞうじ）と号する。開基は和気道善、宝亀5年（774年）の創建と伝える。四国八十八箇所霊場の第七十六番札所。本尊は薬...山号鶏足山宗派天台寺門宗寺格別格本山創建（伝）宝亀5年（774年）本尊薬師如来開基（伝）和気道善正式名鶏足山 宝幢院 金倉寺札所等四国八十八箇所76番七ヶ所まいりウィキペディア,2024-09-10T15:33:45.000+09:00
82394_11_adbfd17113d113cb2d7ccba06151b1fd.jpg,82394,金倉寺,こんぞうじ,香川県善通寺市金蔵寺町字本村1160番地,金倉寺（こんぞうじ）は、香川県善通寺市金蔵寺町にある寺院。山号は鶏足山、鶏足山宝幢院金倉寺（けいそくざんほうどういんこんぞうじ）と号する。開基は和気道善、宝亀5年（774年）の創建と伝える。四国八十八箇所霊場の第七十六番札所。本尊は薬...山号鶏足山宗派天台寺門宗寺格別格本山創建（伝）宝亀5年（774年）本尊薬師如来開基（伝）和気道善正式名鶏足山 宝幢院 金倉寺札所等四国八十八箇所76番七ヶ所まいりウィキペディア,2024-09-10T15:33:35.000+09:00
82394_12_1c5a7afb40777e17eb2537055eb12469.jpg,82394,金倉寺,こんぞうじ,香川県善通寺市金蔵寺町字本村1160番地,金倉寺（こんぞうじ）は、香川県善通寺市金蔵寺町にある寺院。山号は鶏足山、鶏足山宝幢院金倉寺（けいそくざんほうどういんこんぞうじ）と号する。開基は和気道善、宝亀5年（774年）の創建と伝える。四国八十八箇所霊場の第七十六番札所。本尊は薬...山号鶏足山宗派天台寺門宗寺格別格本山創建（伝）宝亀5年（774年）本尊薬師如来開基（伝）和気道善正式名鶏足山 宝幢院 金倉寺札所等四国八十八箇所76番七ヶ所まいりウィキペディア,2024-06-18T06:39:40.000+09:00
82394_13_47e65aeaeba6846452933b870ba83980.jpg,82394,金倉寺,こんぞうじ,香川県善通寺市金蔵寺町字本村1160番地,金倉寺（こんぞうじ）は、香川県善通寺市金蔵寺町にある寺院。山号は鶏足山、鶏足山宝幢院金倉寺（けいそくざんほうどういんこんぞうじ）と号する。開基は和気道善、宝亀5年（774年）の創建と伝える。四国八十八箇所霊場の第七十六番札所。本尊は薬...山号鶏足山宗派天台寺門宗寺格別格本山創建（伝）宝亀5年（774年）本尊薬師如来開基（伝）和気道善正式名鶏足山 宝幢院 金倉寺札所等四国八十八箇所76番七ヶ所まいりウィキペディア,2023-11-07T11:27:31.000+09:00
82394_14_6c779f787cfe94e4220c7f7e2f5d61f9.jpg,82394,金倉寺,こんぞうじ,香川県善通寺市金蔵寺町字本村1160番地,金倉寺（こんぞうじ）は、香川県善通寺市金蔵寺町にある寺院。山号は鶏足山、鶏足山宝幢院金倉寺（けいそくざんほうどういんこんぞうじ）と号する。開基は和気道善、宝亀5年（774年）の創建と伝える。四国八十八箇所霊場の第七十六番札所。本尊は薬...山号鶏足山宗派天台寺門宗寺格別格本山創建（伝）宝亀5年（774年）本尊薬師如来開基（伝）和気道善正式名鶏足山 宝幢院 金倉寺札所等四国八十八箇所76番七ヶ所まいりウィキペディア,2023-11-05T20:09:50.000+09:00
82394_15_95eac5a4058d0f210188883b8f8da2e3.jpg,82394,金倉寺,こんぞうじ,香川県善通寺市金蔵寺町字本村1160番地,金倉寺（こんぞうじ）は、香川県善通寺市金蔵寺町にある寺院。山号は鶏足山、鶏足山宝幢院金倉寺（けいそくざんほうどういんこんぞうじ）と号する。開基は和気道善、宝亀5年（774年）の創建と伝える。四国八十八箇所霊場の第七十六番札所。本尊は薬...山号鶏足山宗派天台寺門宗寺格別格本山創建（伝）宝亀5年（774年）本尊薬師如来開基（伝）和気道善正式名鶏足山 宝幢院 金倉寺札所等四国八十八箇所76番七ヶ所まいりウィキペディア,2023-11-01T23:44:30.000+09:00
83162_1_bdda026feb40a1c0b17a4e4ad9871228.jpg,83162,道隆寺,どうりゅうじ,香川県仲多度郡多度津町北鴨一丁目3番30号,道隆寺（どうりゅうじ）は、香川県多度津町にある真言宗醍醐派大本山の寺院。詳しくは桑多山 明王院 道隆寺（そうたざん みょうおういん どうりゅうじ）と号する。本尊は薬師如来。四国八十八箇所霊場の第七十七番札所。本尊真言：おん ころころ ...本尊薬師如来札所等四国霊場第七十七番札所七ヶ所まいりウィキペディア,2025-11-17T20:16:08.000+09:00
83162_2_ebc765aa3aac71ab64854354260ce7c7.jpg,83162,道隆寺,どうりゅうじ,香川県仲多度郡多度津町北鴨一丁目3番30号,道隆寺（どうりゅうじ）は、香川県多度津町にある真言宗醍醐派大本山の寺院。詳しくは桑多山 明王院 道隆寺（そうたざん みょうおういん どうりゅうじ）と号する。本尊は薬師如来。四国八十八箇所霊場の第七十七番札所。本尊真言：おん ころころ ...本尊薬師如来札所等四国霊場第七十七番札所七ヶ所まいりウィキペディア,2025-11-12T00:36:28.000+09:00
83162_3_10f1e4dcd260bced79d5e70d9f3fdebd.jpg,83162,道隆寺,どうりゅうじ,香川県仲多度郡多度津町北鴨一丁目3番30号,道隆寺（どうりゅうじ）は、香川県多度津町にある真言宗醍醐派大本山の寺院。詳しくは桑多山 明王院 道隆寺（そうたざん みょうおういん どうりゅうじ）と号する。本尊は薬師如来。四国八十八箇所霊場の第七十七番札所。本尊真言：おん ころころ ...本尊薬師如来札所等四国霊場第七十七番札所七ヶ所まいりウィキペディア,2025-11-09T20:46:43.000+09:00
83162_4_7e485005ce1907d66434b6fdd643f3d0.jpg,83162,道隆寺,どうりゅうじ,香川県仲多度郡多度津町北鴨一丁目3番30号,道隆寺（どうりゅうじ）は、香川県多度津町にある真言宗醍醐派大本山の寺院。詳しくは桑多山 明王院 道隆寺（そうたざん みょうおういん どうりゅうじ）と号する。本尊は薬師如来。四国八十八箇所霊場の第七十七番札所。本尊真言：おん ころころ ...本尊薬師如来札所等四国霊場第七十七番札所七ヶ所まいりウィキペディア,2025-07-14T11:10:21.000+09:00
83162_5_c4fd15a4042335fdfda9c6f47364938e.jpg,83162,道隆寺,どうりゅうじ,香川県仲多度郡多度津町北鴨一丁目3番30号,道隆寺（どうりゅうじ）は、香川県多度津町にある真言宗醍醐派大本山の寺院。詳しくは桑多山 明王院 道隆寺（そうたざん みょうおういん どうりゅうじ）と号する。本尊は薬師如来。四国八十八箇所霊場の第七十七番札所。本尊真言：おん ころころ ...本尊薬師如来札所等四国霊場第七十七番札所七ヶ所まいりウィキペディア,2025-07-09T07:57:22.000+09:00
83162_6_1c64649a37fd4b7823cefc8f4fb7e156.jpg,83162,道隆寺,どうりゅうじ,香川県仲多度郡多度津町北鴨一丁目3番30号,道隆寺（どうりゅうじ）は、香川県多度津町にある真言宗醍醐派大本山の寺院。詳しくは桑多山 明王院 道隆寺（そうたざん みょうおういん どうりゅうじ）と号する。本尊は薬師如来。四国八十八箇所霊場の第七十七番札所。本尊真言：おん ころころ ...本尊薬師如来札所等四国霊場第七十七番札所七ヶ所まいりウィキペディア,2025-06-13T06:20:46.000+09:00
83162_7_6f8dc1c5f7ca7f0e53adc520dec947e8.jpg,83162,道隆寺,どうりゅうじ,香川県仲多度郡多度津町北鴨一丁目3番30号,道隆寺（どうりゅうじ）は、香川県多度津町にある真言宗醍醐派大本山の寺院。詳しくは桑多山 明王院 道隆寺（そうたざん みょうおういん どうりゅうじ）と号する。本尊は薬師如来。四国八十八箇所霊場の第七十七番札所。本尊真言：おん ころころ ...本尊薬師如来札所等四国霊場第七十七番札所七ヶ所まいりウィキペディア,2025-03-10T11:02:55.000+09:00
83162_8_ab12c996c608a3ec27dad8476ee2f945.jpg,83162,道隆寺,どうりゅうじ,香川県仲多度郡多度津町北鴨一丁目3番30号,道隆寺（どうりゅうじ）は、香川県多度津町にある真言宗醍醐派大本山の寺院。詳しくは桑多山 明王院 道隆寺（そうたざん みょうおういん どうりゅうじ）と号する。本尊は薬師如来。四国八十八箇所霊場の第七十七番札所。本尊真言：おん ころころ ...本尊薬師如来札所等四国霊場第七十七番札所七ヶ所まいりウィキペディア,2025-03-04T09:48:15.000+09:00
83162_9_2a14a9452bc7cdb95edd3c5f8c3492f6.jpg,83162,道隆寺,どうりゅうじ,香川県仲多度郡多度津町北鴨一丁目3番30号,道隆寺（どうりゅうじ）は、香川県多度津町にある真言宗醍醐派大本山の寺院。詳しくは桑多山 明王院 道隆寺（そうたざん みょうおういん どうりゅうじ）と号する。本尊は薬師如来。四国八十八箇所霊場の第七十七番札所。本尊真言：おん ころころ ...本尊薬師如来札所等四国霊場第七十七番札所七ヶ所まいりウィキペディア,2025-02-25T10:14:16.000+09:00
83162_10_852e805ea34de07d9893d520e059fb8b.jpg,83162,道隆寺,どうりゅうじ,香川県仲多度郡多度津町北鴨一丁目3番30号,道隆寺（どうりゅうじ）は、香川県多度津町にある真言宗醍醐派大本山の寺院。詳しくは桑多山 明王院 道隆寺（そうたざん みょうおういん どうりゅうじ）と号する。本尊は薬師如来。四国八十八箇所霊場の第七十七番札所。本尊真言：おん ころころ ...本尊薬師如来札所等四国霊場第七十七番札所七ヶ所まいりウィキペディア,2024-04-18T12:54:52.000+09:00
83162_11_c321776fd995680e48a6b39ae468764a.jpg,83162,道隆寺,どうりゅうじ,香川県仲多度郡多度津町北鴨一丁目3番30号,道隆寺（どうりゅうじ）は、香川県多度津町にある真言宗醍醐派大本山の寺院。詳しくは桑多山 明王院 道隆寺（そうたざん みょうおういん どうりゅうじ）と号する。本尊は薬師如来。四国八十八箇所霊場の第七十七番札所。本尊真言：おん ころころ ...本尊薬師如来札所等四国霊場第七十七番札所七ヶ所まいりウィキペディア,2024-04-09T23:45:15.000+09:00
83162_12_2f9f6acde21e1760a32de0e73c4e59f9.jpg,83162,道隆寺,どうりゅうじ,香川県仲多度郡多度津町北鴨一丁目3番30号,道隆寺（どうりゅうじ）は、香川県多度津町にある真言宗醍醐派大本山の寺院。詳しくは桑多山 明王院 道隆寺（そうたざん みょうおういん どうりゅうじ）と号する。本尊は薬師如来。四国八十八箇所霊場の第七十七番札所。本尊真言：おん ころころ ...本尊薬師如来札所等四国霊場第七十七番札所七ヶ所まいりウィキペディア,2024-03-17T16:13:51.000+09:00
83162_13_f20c6a7ffa35b29246a31f146da026db.jpg,83162,道隆寺,どうりゅうじ,香川県仲多度郡多度津町北鴨一丁目3番30号,道隆寺（どうりゅうじ）は、香川県多度津町にある真言宗醍醐派大本山の寺院。詳しくは桑多山 明王院 道隆寺（そうたざん みょうおういん どうりゅうじ）と号する。本尊は薬師如来。四国八十八箇所霊場の第七十七番札所。本尊真言：おん ころころ ...本尊薬師如来札所等四国霊場第七十七番札所七ヶ所まいりウィキペディア,2023-09-25T17:01:49.000+09:00
83162_14_bc8e6670f267805d3e462e1914eeefc1.jpg,83162,道隆寺,どうりゅうじ,香川県仲多度郡多度津町北鴨一丁目3番30号,道隆寺（どうりゅうじ）は、香川県多度津町にある真言宗醍醐派大本山の寺院。詳しくは桑多山 明王院 道隆寺（そうたざん みょうおういん どうりゅうじ）と号する。本尊は薬師如来。四国八十八箇所霊場の第七十七番札所。本尊真言：おん ころころ ...本尊薬師如来札所等四国霊場第七十七番札所七ヶ所まいりウィキペディア,2023-07-18T23:32:02.000+09:00
83162_15_a2948ca8352811d3d5162778fddd237e.jpg,83162,道隆寺,どうりゅうじ,香川県仲多度郡多度津町北鴨一丁目3番30号,道隆寺（どうりゅうじ）は、香川県多度津町にある真言宗醍醐派大本山の寺院。詳しくは桑多山 明王院 道隆寺（そうたざん みょうおういん どうりゅうじ）と号する。本尊は薬師如来。四国八十八箇所霊場の第七十七番札所。本尊真言：おん ころころ ...本尊薬師如来札所等四国霊場第七十七番札所七ヶ所まいりウィキペディア,2023-07-18T23:32:02.000+09:00
83165_1_70d1158b0259be962121670384235e9e.jpg,83165,郷照寺,ごうしょうじ,香川県綾歌郡宇多津町字山下1435番地,神亀2年（725）行基菩薩が開創し仏光山・道場寺と称していた。本尊の阿弥陀如来は行基の作といわれる。後に、弘仁6年（815）弘法大師が42歳のころ、この地を訪れ、自作のご尊像を刻み厄除のご誓願をなされたことから「厄除うたづ大師」として信仰を集めている。その後、正応元年（1288）時宗の開祖・一遍上人によって浄土易行の法門の伝統が加わり、真言・念仏の２教の法門が伝わった。,2025-11-17T20:18:18.000+09:00
83165_2_c6829ee1a0ca7f0a26549478eae89ec5.jpg,83165,郷照寺,ごうしょうじ,香川県綾歌郡宇多津町字山下1435番地,神亀2年（725）行基菩薩が開創し仏光山・道場寺と称していた。本尊の阿弥陀如来は行基の作といわれる。後に、弘仁6年（815）弘法大師が42歳のころ、この地を訪れ、自作のご尊像を刻み厄除のご誓願をなされたことから「厄除うたづ大師」として信仰を集めている。その後、正応元年（1288）時宗の開祖・一遍上人によって浄土易行の法門の伝統が加わり、真言・念仏の２教の法門が伝わった。,2025-11-12T00:37:53.000+09:00
83165_3_81b0f90dca200e19f88d1e64c8b65239.jpg,83165,郷照寺,ごうしょうじ,香川県綾歌郡宇多津町字山下1435番地,神亀2年（725）行基菩薩が開創し仏光山・道場寺と称していた。本尊の阿弥陀如来は行基の作といわれる。後に、弘仁6年（815）弘法大師が42歳のころ、この地を訪れ、自作のご尊像を刻み厄除のご誓願をなされたことから「厄除うたづ大師」として信仰を集めている。その後、正応元年（1288）時宗の開祖・一遍上人によって浄土易行の法門の伝統が加わり、真言・念仏の２教の法門が伝わった。,2025-11-09T20:53:55.000+09:00
83165_4_5ff4952be04308f2c7c2a9ee936b8561.jpg,83165,郷照寺,ごうしょうじ,香川県綾歌郡宇多津町字山下1435番地,神亀2年（725）行基菩薩が開創し仏光山・道場寺と称していた。本尊の阿弥陀如来は行基の作といわれる。後に、弘仁6年（815）弘法大師が42歳のころ、この地を訪れ、自作のご尊像を刻み厄除のご誓願をなされたことから「厄除うたづ大師」として信仰を集めている。その後、正応元年（1288）時宗の開祖・一遍上人によって浄土易行の法門の伝統が加わり、真言・念仏の２教の法門が伝わった。,2025-07-14T14:39:54.000+09:00
83165_5_8cacff75615722b8924586dc93e4d2f5.jpg,83165,郷照寺,ごうしょうじ,香川県綾歌郡宇多津町字山下1435番地,神亀2年（725）行基菩薩が開創し仏光山・道場寺と称していた。本尊の阿弥陀如来は行基の作といわれる。後に、弘仁6年（815）弘法大師が42歳のころ、この地を訪れ、自作のご尊像を刻み厄除のご誓願をなされたことから「厄除うたづ大師」として信仰を集めている。その後、正応元年（1288）時宗の開祖・一遍上人によって浄土易行の法門の伝統が加わり、真言・念仏の２教の法門が伝わった。,2025-07-14T11:12:21.000+09:00
83165_6_7955a258fcacf797f95fd5c7c151b479.jpg,83165,郷照寺,ごうしょうじ,香川県綾歌郡宇多津町字山下1435番地,神亀2年（725）行基菩薩が開創し仏光山・道場寺と称していた。本尊の阿弥陀如来は行基の作といわれる。後に、弘仁6年（815）弘法大師が42歳のころ、この地を訪れ、自作のご尊像を刻み厄除のご誓願をなされたことから「厄除うたづ大師」として信仰を集めている。その後、正応元年（1288）時宗の開祖・一遍上人によって浄土易行の法門の伝統が加わり、真言・念仏の２教の法門が伝わった。,2025-06-13T11:11:06.000+09:00
83165_7_9f534490d813f16e96b011133988ee8e.jpg,83165,郷照寺,ごうしょうじ,香川県綾歌郡宇多津町字山下1435番地,神亀2年（725）行基菩薩が開創し仏光山・道場寺と称していた。本尊の阿弥陀如来は行基の作といわれる。後に、弘仁6年（815）弘法大師が42歳のころ、この地を訪れ、自作のご尊像を刻み厄除のご誓願をなされたことから「厄除うたづ大師」として信仰を集めている。その後、正応元年（1288）時宗の開祖・一遍上人によって浄土易行の法門の伝統が加わり、真言・念仏の２教の法門が伝わった。,2025-03-10T14:30:24.000+09:00
83165_8_58ea812c05703db719b26db518c283fa.jpg,83165,郷照寺,ごうしょうじ,香川県綾歌郡宇多津町字山下1435番地,神亀2年（725）行基菩薩が開創し仏光山・道場寺と称していた。本尊の阿弥陀如来は行基の作といわれる。後に、弘仁6年（815）弘法大師が42歳のころ、この地を訪れ、自作のご尊像を刻み厄除のご誓願をなされたことから「厄除うたづ大師」として信仰を集めている。その後、正応元年（1288）時宗の開祖・一遍上人によって浄土易行の法門の伝統が加わり、真言・念仏の２教の法門が伝わった。,2025-03-04T09:49:25.000+09:00
83165_9_bb2ecabb9d33187a3b54ad7eeb297232.jpg,83165,郷照寺,ごうしょうじ,香川県綾歌郡宇多津町字山下1435番地,神亀2年（725）行基菩薩が開創し仏光山・道場寺と称していた。本尊の阿弥陀如来は行基の作といわれる。後に、弘仁6年（815）弘法大師が42歳のころ、この地を訪れ、自作のご尊像を刻み厄除のご誓願をなされたことから「厄除うたづ大師」として信仰を集めている。その後、正応元年（1288）時宗の開祖・一遍上人によって浄土易行の法門の伝統が加わり、真言・念仏の２教の法門が伝わった。,2025-03-01T20:45:02.000+09:00
83165_10_a9fad81bf70ae49ecc8b1e5643238d2a.jpg,83165,郷照寺,ごうしょうじ,香川県綾歌郡宇多津町字山下1435番地,神亀2年（725）行基菩薩が開創し仏光山・道場寺と称していた。本尊の阿弥陀如来は行基の作といわれる。後に、弘仁6年（815）弘法大師が42歳のころ、この地を訪れ、自作のご尊像を刻み厄除のご誓願をなされたことから「厄除うたづ大師」として信仰を集めている。その後、正応元年（1288）時宗の開祖・一遍上人によって浄土易行の法門の伝統が加わり、真言・念仏の２教の法門が伝わった。,2024-05-09T20:04:01.000+09:00
83165_11_aa19591b73c09d9431f34546cc625243.jpg,83165,郷照寺,ごうしょうじ,香川県綾歌郡宇多津町字山下1435番地,神亀2年（725）行基菩薩が開創し仏光山・道場寺と称していた。本尊の阿弥陀如来は行基の作といわれる。後に、弘仁6年（815）弘法大師が42歳のころ、この地を訪れ、自作のご尊像を刻み厄除のご誓願をなされたことから「厄除うたづ大師」として信仰を集めている。その後、正応元年（1288）時宗の開祖・一遍上人によって浄土易行の法門の伝統が加わり、真言・念仏の２教の法門が伝わった。,2024-05-09T20:04:00.000+09:00
83165_12_501d132e6b8634a94bcfd0ca87a32f8b.jpg,83165,郷照寺,ごうしょうじ,香川県綾歌郡宇多津町字山下1435番地,神亀2年（725）行基菩薩が開創し仏光山・道場寺と称していた。本尊の阿弥陀如来は行基の作といわれる。後に、弘仁6年（815）弘法大師が42歳のころ、この地を訪れ、自作のご尊像を刻み厄除のご誓願をなされたことから「厄除うたづ大師」として信仰を集めている。その後、正応元年（1288）時宗の開祖・一遍上人によって浄土易行の法門の伝統が加わり、真言・念仏の２教の法門が伝わった。,2024-05-06T22:46:37.000+09:00
83165_13_78d61f23f54ce68471fa3721f95b50da.jpg,83165,郷照寺,ごうしょうじ,香川県綾歌郡宇多津町字山下1435番地,神亀2年（725）行基菩薩が開創し仏光山・道場寺と称していた。本尊の阿弥陀如来は行基の作といわれる。後に、弘仁6年（815）弘法大師が42歳のころ、この地を訪れ、自作のご尊像を刻み厄除のご誓願をなされたことから「厄除うたづ大師」として信仰を集めている。その後、正応元年（1288）時宗の開祖・一遍上人によって浄土易行の法門の伝統が加わり、真言・念仏の２教の法門が伝わった。,2023-09-29T14:09:06.000+09:00
83165_14_3c3aa2011eed744d0d012b5c715c4e8f.jpg,83165,郷照寺,ごうしょうじ,香川県綾歌郡宇多津町字山下1435番地,神亀2年（725）行基菩薩が開創し仏光山・道場寺と称していた。本尊の阿弥陀如来は行基の作といわれる。後に、弘仁6年（815）弘法大師が42歳のころ、この地を訪れ、自作のご尊像を刻み厄除のご誓願をなされたことから「厄除うたづ大師」として信仰を集めている。その後、正応元年（1288）時宗の開祖・一遍上人によって浄土易行の法門の伝統が加わり、真言・念仏の２教の法門が伝わった。,2023-09-25T17:05:05.000+09:00
83165_15_f6a4fea9da53564744caf7f3fe91f2e9.jpg,83165,郷照寺,ごうしょうじ,香川県綾歌郡宇多津町字山下1435番地,神亀2年（725）行基菩薩が開創し仏光山・道場寺と称していた。本尊の阿弥陀如来は行基の作といわれる。後に、弘仁6年（815）弘法大師が42歳のころ、この地を訪れ、自作のご尊像を刻み厄除のご誓願をなされたことから「厄除うたづ大師」として信仰を集めている。その後、正応元年（1288）時宗の開祖・一遍上人によって浄土易行の法門の伝統が加わり、真言・念仏の２教の法門が伝わった。,2023-09-02T22:22:49.000+09:00
82634_1_ef638f4454b9291c019902c3e5e772fb.jpg,82634,天皇寺,てんのうじ,香川県坂出市西庄町字八十場1713番地2,天皇寺（てんのうじ）は、香川県坂出市西庄町にある寺院。宗派は真言宗御室派で、本尊は十一面観世音菩薩。山号は金華山で、院号の高照院（こうしょういん）で呼ばれることもある。四国八十八箇所霊場の第七十九番札所。本尊は十一面観音。境内は崇徳上...山号金華山院号高照院宗旨真言宗宗派御室派本尊十一面観世音菩薩正式名金華山　高照院　天皇寺札所等四国霊場第七十九番札所ウィキペディア,2025-11-17T20:19:14.000+09:00
82634_2_763cd080e485994509f3a26ccd65725b.jpg,82634,天皇寺,てんのうじ,香川県坂出市西庄町字八十場1713番地2,天皇寺（てんのうじ）は、香川県坂出市西庄町にある寺院。宗派は真言宗御室派で、本尊は十一面観世音菩薩。山号は金華山で、院号の高照院（こうしょういん）で呼ばれることもある。四国八十八箇所霊場の第七十九番札所。本尊は十一面観音。境内は崇徳上...山号金華山院号高照院宗旨真言宗宗派御室派本尊十一面観世音菩薩正式名金華山　高照院　天皇寺札所等四国霊場第七十九番札所ウィキペディア,2025-11-16T19:09:55.000+09:00
82634_3_3c8a212631ded8ec23b1dc6ded0c3596.jpg,82634,天皇寺,てんのうじ,香川県坂出市西庄町字八十場1713番地2,天皇寺（てんのうじ）は、香川県坂出市西庄町にある寺院。宗派は真言宗御室派で、本尊は十一面観世音菩薩。山号は金華山で、院号の高照院（こうしょういん）で呼ばれることもある。四国八十八箇所霊場の第七十九番札所。本尊は十一面観音。境内は崇徳上...山号金華山院号高照院宗旨真言宗宗派御室派本尊十一面観世音菩薩正式名金華山　高照院　天皇寺札所等四国霊場第七十九番札所ウィキペディア,2025-11-13T05:05:16.000+09:00
82634_4_78516c93cf5744ce553084c99e4cf5d2.jpg,82634,天皇寺,てんのうじ,香川県坂出市西庄町字八十場1713番地2,天皇寺（てんのうじ）は、香川県坂出市西庄町にある寺院。宗派は真言宗御室派で、本尊は十一面観世音菩薩。山号は金華山で、院号の高照院（こうしょういん）で呼ばれることもある。四国八十八箇所霊場の第七十九番札所。本尊は十一面観音。境内は崇徳上...山号金華山院号高照院宗旨真言宗宗派御室派本尊十一面観世音菩薩正式名金華山　高照院　天皇寺札所等四国霊場第七十九番札所ウィキペディア,2025-07-14T11:14:53.000+09:00
82634_5_cc6eae6074c5c11aa191875667a0a218.jpg,82634,天皇寺,てんのうじ,香川県坂出市西庄町字八十場1713番地2,天皇寺（てんのうじ）は、香川県坂出市西庄町にある寺院。宗派は真言宗御室派で、本尊は十一面観世音菩薩。山号は金華山で、院号の高照院（こうしょういん）で呼ばれることもある。四国八十八箇所霊場の第七十九番札所。本尊は十一面観音。境内は崇徳上...山号金華山院号高照院宗旨真言宗宗派御室派本尊十一面観世音菩薩正式名金華山　高照院　天皇寺札所等四国霊場第七十九番札所ウィキペディア,2025-06-11T05:14:38.000+09:00
82634_6_3a68612077f5590288ceec2ef91e1767.jpg,82634,天皇寺,てんのうじ,香川県坂出市西庄町字八十場1713番地2,天皇寺（てんのうじ）は、香川県坂出市西庄町にある寺院。宗派は真言宗御室派で、本尊は十一面観世音菩薩。山号は金華山で、院号の高照院（こうしょういん）で呼ばれることもある。四国八十八箇所霊場の第七十九番札所。本尊は十一面観音。境内は崇徳上...山号金華山院号高照院宗旨真言宗宗派御室派本尊十一面観世音菩薩正式名金華山　高照院　天皇寺札所等四国霊場第七十九番札所ウィキペディア,2025-06-08T13:24:51.000+09:00
82634_7_96c2d72bafe50d663b425f00c5451a47.jpg,82634,天皇寺,てんのうじ,香川県坂出市西庄町字八十場1713番地2,天皇寺（てんのうじ）は、香川県坂出市西庄町にある寺院。宗派は真言宗御室派で、本尊は十一面観世音菩薩。山号は金華山で、院号の高照院（こうしょういん）で呼ばれることもある。四国八十八箇所霊場の第七十九番札所。本尊は十一面観音。境内は崇徳上...山号金華山院号高照院宗旨真言宗宗派御室派本尊十一面観世音菩薩正式名金華山　高照院　天皇寺札所等四国霊場第七十九番札所ウィキペディア,2025-02-25T10:13:05.000+09:00
82634_8_e6912037d5e6c8f78c0c9b50039771b2.jpg,82634,天皇寺,てんのうじ,香川県坂出市西庄町字八十場1713番地2,天皇寺（てんのうじ）は、香川県坂出市西庄町にある寺院。宗派は真言宗御室派で、本尊は十一面観世音菩薩。山号は金華山で、院号の高照院（こうしょういん）で呼ばれることもある。四国八十八箇所霊場の第七十九番札所。本尊は十一面観音。境内は崇徳上...山号金華山院号高照院宗旨真言宗宗派御室派本尊十一面観世音菩薩正式名金華山　高照院　天皇寺札所等四国霊場第七十九番札所ウィキペディア,2025-02-17T22:10:00.000+09:00
82634_9_305f2b2b427cbd156f13d6367eb57e50.jpg,82634,天皇寺,てんのうじ,香川県坂出市西庄町字八十場1713番地2,天皇寺（てんのうじ）は、香川県坂出市西庄町にある寺院。宗派は真言宗御室派で、本尊は十一面観世音菩薩。山号は金華山で、院号の高照院（こうしょういん）で呼ばれることもある。四国八十八箇所霊場の第七十九番札所。本尊は十一面観音。境内は崇徳上...山号金華山院号高照院宗旨真言宗宗派御室派本尊十一面観世音菩薩正式名金華山　高照院　天皇寺札所等四国霊場第七十九番札所ウィキペディア,2025-01-03T08:26:27.000+09:00
82634_10_af03f67af38cc3c08a914b37af4f81fd.jpg,82634,天皇寺,てんのうじ,香川県坂出市西庄町字八十場1713番地2,天皇寺（てんのうじ）は、香川県坂出市西庄町にある寺院。宗派は真言宗御室派で、本尊は十一面観世音菩薩。山号は金華山で、院号の高照院（こうしょういん）で呼ばれることもある。四国八十八箇所霊場の第七十九番札所。本尊は十一面観音。境内は崇徳上...山号金華山院号高照院宗旨真言宗宗派御室派本尊十一面観世音菩薩正式名金華山　高照院　天皇寺札所等四国霊場第七十九番札所ウィキペディア,2024-01-21T20:59:23.000+09:00
82634_11_427a376c4cc73a1139c9e126a1dc0c7b.jpg,82634,天皇寺,てんのうじ,香川県坂出市西庄町字八十場1713番地2,天皇寺（てんのうじ）は、香川県坂出市西庄町にある寺院。宗派は真言宗御室派で、本尊は十一面観世音菩薩。山号は金華山で、院号の高照院（こうしょういん）で呼ばれることもある。四国八十八箇所霊場の第七十九番札所。本尊は十一面観音。境内は崇徳上...山号金華山院号高照院宗旨真言宗宗派御室派本尊十一面観世音菩薩正式名金華山　高照院　天皇寺札所等四国霊場第七十九番札所ウィキペディア,2024-01-02T23:13:41.000+09:00
82634_12_b57a0fb6c61bdc6e7bb262113ebf1328.jpg,82634,天皇寺,てんのうじ,香川県坂出市西庄町字八十場1713番地2,天皇寺（てんのうじ）は、香川県坂出市西庄町にある寺院。宗派は真言宗御室派で、本尊は十一面観世音菩薩。山号は金華山で、院号の高照院（こうしょういん）で呼ばれることもある。四国八十八箇所霊場の第七十九番札所。本尊は十一面観音。境内は崇徳上...山号金華山院号高照院宗旨真言宗宗派御室派本尊十一面観世音菩薩正式名金華山　高照院　天皇寺札所等四国霊場第七十九番札所ウィキペディア,2023-12-28T20:58:18.000+09:00
82634_13_74f2e1187dcbcd7d356f6afe99f43085.jpg,82634,天皇寺,てんのうじ,香川県坂出市西庄町字八十場1713番地2,天皇寺（てんのうじ）は、香川県坂出市西庄町にある寺院。宗派は真言宗御室派で、本尊は十一面観世音菩薩。山号は金華山で、院号の高照院（こうしょういん）で呼ばれることもある。四国八十八箇所霊場の第七十九番札所。本尊は十一面観音。境内は崇徳上...山号金華山院号高照院宗旨真言宗宗派御室派本尊十一面観世音菩薩正式名金華山　高照院　天皇寺札所等四国霊場第七十九番札所ウィキペディア,2022-07-27T10:22:11.000+09:00
82634_14_d2fd7f7b023eb16fed8f59232fc8b606.jpg,82634,天皇寺,てんのうじ,香川県坂出市西庄町字八十場1713番地2,天皇寺（てんのうじ）は、香川県坂出市西庄町にある寺院。宗派は真言宗御室派で、本尊は十一面観世音菩薩。山号は金華山で、院号の高照院（こうしょういん）で呼ばれることもある。四国八十八箇所霊場の第七十九番札所。本尊は十一面観音。境内は崇徳上...山号金華山院号高照院宗旨真言宗宗派御室派本尊十一面観世音菩薩正式名金華山　高照院　天皇寺札所等四国霊場第七十九番札所ウィキペディア,2022-05-02T19:24:23.000+09:00
82634_15_86bc088d907d0647afb636805fb671c5.jpg,82634,天皇寺,てんのうじ,香川県坂出市西庄町字八十場1713番地2,天皇寺（てんのうじ）は、香川県坂出市西庄町にある寺院。宗派は真言宗御室派で、本尊は十一面観世音菩薩。山号は金華山で、院号の高照院（こうしょういん）で呼ばれることもある。四国八十八箇所霊場の第七十九番札所。本尊は十一面観音。境内は崇徳上...山号金華山院号高照院宗旨真言宗宗派御室派本尊十一面観世音菩薩正式名金華山　高照院　天皇寺札所等四国霊場第七十九番札所ウィキペディア,2022-03-07T23:01:09.000+09:00
83149_1_a28787b38ba2278caae6aebfb34da4c4.jpg,83149,讃岐国分寺,さぬきこくぶんじ,香川県高松市国分寺町国分字上所2065番地,讃岐国分寺（さぬきこくぶんじ）は、香川県高松市国分寺町国分にある真言宗御室派の寺院。四国八十八箇所霊場の第八十番札所。札所寺院としては単に「国分寺」と称するのが通例である。奈良時代に聖武天皇の詔により日本各地に建立された国分寺のうち、...山号白牛山院号千手院宗旨真言宗宗派御室派創建奈良時代本尊千手観音開基（伝）行基菩薩正式名白牛山　千手院　国分寺札所等四国八十八箇所第80番ウィキペディア,2025-11-13T05:06:44.000+09:00
83149_2_9011e9f61743d4aa494f3159b0981998.jpg,83149,讃岐国分寺,さぬきこくぶんじ,香川県高松市国分寺町国分字上所2065番地,讃岐国分寺（さぬきこくぶんじ）は、香川県高松市国分寺町国分にある真言宗御室派の寺院。四国八十八箇所霊場の第八十番札所。札所寺院としては単に「国分寺」と称するのが通例である。奈良時代に聖武天皇の詔により日本各地に建立された国分寺のうち、...山号白牛山院号千手院宗旨真言宗宗派御室派創建奈良時代本尊千手観音開基（伝）行基菩薩正式名白牛山　千手院　国分寺札所等四国八十八箇所第80番ウィキペディア,2025-11-08T21:11:18.000+09:00
83149_3_7da4847518474c1da775cd7100d0b59e.jpg,83149,讃岐国分寺,さぬきこくぶんじ,香川県高松市国分寺町国分字上所2065番地,讃岐国分寺（さぬきこくぶんじ）は、香川県高松市国分寺町国分にある真言宗御室派の寺院。四国八十八箇所霊場の第八十番札所。札所寺院としては単に「国分寺」と称するのが通例である。奈良時代に聖武天皇の詔により日本各地に建立された国分寺のうち、...山号白牛山院号千手院宗旨真言宗宗派御室派創建奈良時代本尊千手観音開基（伝）行基菩薩正式名白牛山　千手院　国分寺札所等四国八十八箇所第80番ウィキペディア,2025-11-02T22:12:10.000+09:00
83149_4_a241e191eddd9531508e8e2297fdeef7.jpg,83149,讃岐国分寺,さぬきこくぶんじ,香川県高松市国分寺町国分字上所2065番地,讃岐国分寺（さぬきこくぶんじ）は、香川県高松市国分寺町国分にある真言宗御室派の寺院。四国八十八箇所霊場の第八十番札所。札所寺院としては単に「国分寺」と称するのが通例である。奈良時代に聖武天皇の詔により日本各地に建立された国分寺のうち、...山号白牛山院号千手院宗旨真言宗宗派御室派創建奈良時代本尊千手観音開基（伝）行基菩薩正式名白牛山　千手院　国分寺札所等四国八十八箇所第80番ウィキペディア,2025-06-11T05:00:59.000+09:00
83149_5_c2c1874b0ca404b21cbae7627d51a5fb.jpg,83149,讃岐国分寺,さぬきこくぶんじ,香川県高松市国分寺町国分字上所2065番地,讃岐国分寺（さぬきこくぶんじ）は、香川県高松市国分寺町国分にある真言宗御室派の寺院。四国八十八箇所霊場の第八十番札所。札所寺院としては単に「国分寺」と称するのが通例である。奈良時代に聖武天皇の詔により日本各地に建立された国分寺のうち、...山号白牛山院号千手院宗旨真言宗宗派御室派創建奈良時代本尊千手観音開基（伝）行基菩薩正式名白牛山　千手院　国分寺札所等四国八十八箇所第80番ウィキペディア,2025-06-08T13:27:09.000+09:00
83149_6_3f51c62e9fd86c4bccfae84418e71888.jpg,83149,讃岐国分寺,さぬきこくぶんじ,香川県高松市国分寺町国分字上所2065番地,讃岐国分寺（さぬきこくぶんじ）は、香川県高松市国分寺町国分にある真言宗御室派の寺院。四国八十八箇所霊場の第八十番札所。札所寺院としては単に「国分寺」と称するのが通例である。奈良時代に聖武天皇の詔により日本各地に建立された国分寺のうち、...山号白牛山院号千手院宗旨真言宗宗派御室派創建奈良時代本尊千手観音開基（伝）行基菩薩正式名白牛山　千手院　国分寺札所等四国八十八箇所第80番ウィキペディア,2025-05-30T16:15:12.000+09:00
83149_7_5c0387bdae636c0809372f48a9270bdd.jpg,83149,讃岐国分寺,さぬきこくぶんじ,香川県高松市国分寺町国分字上所2065番地,讃岐国分寺（さぬきこくぶんじ）は、香川県高松市国分寺町国分にある真言宗御室派の寺院。四国八十八箇所霊場の第八十番札所。札所寺院としては単に「国分寺」と称するのが通例である。奈良時代に聖武天皇の詔により日本各地に建立された国分寺のうち、...山号白牛山院号千手院宗旨真言宗宗派御室派創建奈良時代本尊千手観音開基（伝）行基菩薩正式名白牛山　千手院　国分寺札所等四国八十八箇所第80番ウィキペディア,2025-03-04T09:50:34.000+09:00
83149_8_e71071df96df40afaeceaaa71975751e.jpg,83149,讃岐国分寺,さぬきこくぶんじ,香川県高松市国分寺町国分字上所2065番地,讃岐国分寺（さぬきこくぶんじ）は、香川県高松市国分寺町国分にある真言宗御室派の寺院。四国八十八箇所霊場の第八十番札所。札所寺院としては単に「国分寺」と称するのが通例である。奈良時代に聖武天皇の詔により日本各地に建立された国分寺のうち、...山号白牛山院号千手院宗旨真言宗宗派御室派創建奈良時代本尊千手観音開基（伝）行基菩薩正式名白牛山　千手院　国分寺札所等四国八十八箇所第80番ウィキペディア,2025-03-03T20:37:08.000+09:00
83149_9_f39923fe77b1bffbe9b11f6c87eeff9d.jpg,83149,讃岐国分寺,さぬきこくぶんじ,香川県高松市国分寺町国分字上所2065番地,讃岐国分寺（さぬきこくぶんじ）は、香川県高松市国分寺町国分にある真言宗御室派の寺院。四国八十八箇所霊場の第八十番札所。札所寺院としては単に「国分寺」と称するのが通例である。奈良時代に聖武天皇の詔により日本各地に建立された国分寺のうち、...山号白牛山院号千手院宗旨真言宗宗派御室派創建奈良時代本尊千手観音開基（伝）行基菩薩正式名白牛山　千手院　国分寺札所等四国八十八箇所第80番ウィキペディア,2025-02-25T10:09:35.000+09:00
83149_10_69ed3a26803c120999d493471543c997.jpg,83149,讃岐国分寺,さぬきこくぶんじ,香川県高松市国分寺町国分字上所2065番地,讃岐国分寺（さぬきこくぶんじ）は、香川県高松市国分寺町国分にある真言宗御室派の寺院。四国八十八箇所霊場の第八十番札所。札所寺院としては単に「国分寺」と称するのが通例である。奈良時代に聖武天皇の詔により日本各地に建立された国分寺のうち、...山号白牛山院号千手院宗旨真言宗宗派御室派創建奈良時代本尊千手観音開基（伝）行基菩薩正式名白牛山　千手院　国分寺札所等四国八十八箇所第80番ウィキペディア,2024-05-06T13:07:51.000+09:00
83149_11_e7a986071a209d23b3ddc46286aa1154.jpg,83149,讃岐国分寺,さぬきこくぶんじ,香川県高松市国分寺町国分字上所2065番地,讃岐国分寺（さぬきこくぶんじ）は、香川県高松市国分寺町国分にある真言宗御室派の寺院。四国八十八箇所霊場の第八十番札所。札所寺院としては単に「国分寺」と称するのが通例である。奈良時代に聖武天皇の詔により日本各地に建立された国分寺のうち、...山号白牛山院号千手院宗旨真言宗宗派御室派創建奈良時代本尊千手観音開基（伝）行基菩薩正式名白牛山　千手院　国分寺札所等四国八十八箇所第80番ウィキペディア,2024-05-04T21:14:19.000+09:00
83149_12_8d7212a46ed3317a54833bd75617ee60.jpg,83149,讃岐国分寺,さぬきこくぶんじ,香川県高松市国分寺町国分字上所2065番地,讃岐国分寺（さぬきこくぶんじ）は、香川県高松市国分寺町国分にある真言宗御室派の寺院。四国八十八箇所霊場の第八十番札所。札所寺院としては単に「国分寺」と称するのが通例である。奈良時代に聖武天皇の詔により日本各地に建立された国分寺のうち、...山号白牛山院号千手院宗旨真言宗宗派御室派創建奈良時代本尊千手観音開基（伝）行基菩薩正式名白牛山　千手院　国分寺札所等四国八十八箇所第80番ウィキペディア,2024-04-18T14:22:35.000+09:00
83149_13_23ff434495d082b8dfaa989753f2ea5a.jpg,83149,讃岐国分寺,さぬきこくぶんじ,香川県高松市国分寺町国分字上所2065番地,讃岐国分寺（さぬきこくぶんじ）は、香川県高松市国分寺町国分にある真言宗御室派の寺院。四国八十八箇所霊場の第八十番札所。札所寺院としては単に「国分寺」と称するのが通例である。奈良時代に聖武天皇の詔により日本各地に建立された国分寺のうち、...山号白牛山院号千手院宗旨真言宗宗派御室派創建奈良時代本尊千手観音開基（伝）行基菩薩正式名白牛山　千手院　国分寺札所等四国八十八箇所第80番ウィキペディア,2023-08-27T17:19:31.000+09:00
83149_14_fac74b4e817ab1da795856fbbadcf994.jpg,83149,讃岐国分寺,さぬきこくぶんじ,香川県高松市国分寺町国分字上所2065番地,讃岐国分寺（さぬきこくぶんじ）は、香川県高松市国分寺町国分にある真言宗御室派の寺院。四国八十八箇所霊場の第八十番札所。札所寺院としては単に「国分寺」と称するのが通例である。奈良時代に聖武天皇の詔により日本各地に建立された国分寺のうち、...山号白牛山院号千手院宗旨真言宗宗派御室派創建奈良時代本尊千手観音開基（伝）行基菩薩正式名白牛山　千手院　国分寺札所等四国八十八箇所第80番ウィキペディア,2023-06-24T16:50:02.000+09:00
83149_15_43ef43ce289d8a800427fcef7a43a53b.jpg,83149,讃岐国分寺,さぬきこくぶんじ,香川県高松市国分寺町国分字上所2065番地,讃岐国分寺（さぬきこくぶんじ）は、香川県高松市国分寺町国分にある真言宗御室派の寺院。四国八十八箇所霊場の第八十番札所。札所寺院としては単に「国分寺」と称するのが通例である。奈良時代に聖武天皇の詔により日本各地に建立された国分寺のうち、...山号白牛山院号千手院宗旨真言宗宗派御室派創建奈良時代本尊千手観音開基（伝）行基菩薩正式名白牛山　千手院　国分寺札所等四国八十八箇所第80番ウィキペディア,2023-06-24T16:50:01.000+09:00
83007_1_e82fd2e3dd37c7952f9a6151e064365e.jpg,83007,白峯寺,しろみねじ,香川県坂出市青海町2635番地,白峯寺（しろみねじ）は、香川県坂出市にある真言宗御室派の寺院。四国八十八箇所霊場の第八十一番札所。本尊は千手観音。本尊真言：おん ばさら たらま きりくご詠歌：霜さむく 露白妙の 寺のうち 御名を称ふる 法の声々山号綾松山院号洞林院宗旨真言宗宗派御室派寺格別格本山創建（伝）８１５年（弘仁六年）本尊千手観世音菩薩開基（伝）弘法大師空海中興（伝）智証大師円珍正式名綾松山　洞林院　白峯寺札所等四国霊場第八十一番札所ウィキペディア,2025-11-17T20:20:15.000+09:00
83007_2_f19875444ef4d7b482807b2a962b3425.jpg,83007,白峯寺,しろみねじ,香川県坂出市青海町2635番地,白峯寺（しろみねじ）は、香川県坂出市にある真言宗御室派の寺院。四国八十八箇所霊場の第八十一番札所。本尊は千手観音。本尊真言：おん ばさら たらま きりくご詠歌：霜さむく 露白妙の 寺のうち 御名を称ふる 法の声々山号綾松山院号洞林院宗旨真言宗宗派御室派寺格別格本山創建（伝）８１５年（弘仁六年）本尊千手観世音菩薩開基（伝）弘法大師空海中興（伝）智証大師円珍正式名綾松山　洞林院　白峯寺札所等四国霊場第八十一番札所ウィキペディア,2025-11-13T05:08:13.000+09:00
83007_3_55f82550eabb7999de8ee6c2919ecd0a.jpg,83007,白峯寺,しろみねじ,香川県坂出市青海町2635番地,白峯寺（しろみねじ）は、香川県坂出市にある真言宗御室派の寺院。四国八十八箇所霊場の第八十一番札所。本尊は千手観音。本尊真言：おん ばさら たらま きりくご詠歌：霜さむく 露白妙の 寺のうち 御名を称ふる 法の声々山号綾松山院号洞林院宗旨真言宗宗派御室派寺格別格本山創建（伝）８１５年（弘仁六年）本尊千手観世音菩薩開基（伝）弘法大師空海中興（伝）智証大師円珍正式名綾松山　洞林院　白峯寺札所等四国霊場第八十一番札所ウィキペディア,2025-11-08T21:12:11.000+09:00
83007_4_b3609c8f87c7228ecbfde93d07fb6e2c.jpg,83007,白峯寺,しろみねじ,香川県坂出市青海町2635番地,白峯寺（しろみねじ）は、香川県坂出市にある真言宗御室派の寺院。四国八十八箇所霊場の第八十一番札所。本尊は千手観音。本尊真言：おん ばさら たらま きりくご詠歌：霜さむく 露白妙の 寺のうち 御名を称ふる 法の声々山号綾松山院号洞林院宗旨真言宗宗派御室派寺格別格本山創建（伝）８１５年（弘仁六年）本尊千手観世音菩薩開基（伝）弘法大師空海中興（伝）智証大師円珍正式名綾松山　洞林院　白峯寺札所等四国霊場第八十一番札所ウィキペディア,2025-07-14T11:22:47.000+09:00
83007_5_d2062f8807ad72fb282901d9fad3854a.jpg,83007,白峯寺,しろみねじ,香川県坂出市青海町2635番地,白峯寺（しろみねじ）は、香川県坂出市にある真言宗御室派の寺院。四国八十八箇所霊場の第八十一番札所。本尊は千手観音。本尊真言：おん ばさら たらま きりくご詠歌：霜さむく 露白妙の 寺のうち 御名を称ふる 法の声々山号綾松山院号洞林院宗旨真言宗宗派御室派寺格別格本山創建（伝）８１５年（弘仁六年）本尊千手観世音菩薩開基（伝）弘法大師空海中興（伝）智証大師円珍正式名綾松山　洞林院　白峯寺札所等四国霊場第八十一番札所ウィキペディア,2025-06-11T11:40:48.000+09:00
83007_6_f91c61b4cfbc29523b2c3eeba203cb97.jpg,83007,白峯寺,しろみねじ,香川県坂出市青海町2635番地,白峯寺（しろみねじ）は、香川県坂出市にある真言宗御室派の寺院。四国八十八箇所霊場の第八十一番札所。本尊は千手観音。本尊真言：おん ばさら たらま きりくご詠歌：霜さむく 露白妙の 寺のうち 御名を称ふる 法の声々山号綾松山院号洞林院宗旨真言宗宗派御室派寺格別格本山創建（伝）８１５年（弘仁六年）本尊千手観世音菩薩開基（伝）弘法大師空海中興（伝）智証大師円珍正式名綾松山　洞林院　白峯寺札所等四国霊場第八十一番札所ウィキペディア,2025-06-11T11:40:47.000+09:00
83007_7_a36ae789d82367b8051fb83e762ee81b.jpg,83007,白峯寺,しろみねじ,香川県坂出市青海町2635番地,白峯寺（しろみねじ）は、香川県坂出市にある真言宗御室派の寺院。四国八十八箇所霊場の第八十一番札所。本尊は千手観音。本尊真言：おん ばさら たらま きりくご詠歌：霜さむく 露白妙の 寺のうち 御名を称ふる 法の声々山号綾松山院号洞林院宗旨真言宗宗派御室派寺格別格本山創建（伝）８１５年（弘仁六年）本尊千手観世音菩薩開基（伝）弘法大師空海中興（伝）智証大師円珍正式名綾松山　洞林院　白峯寺札所等四国霊場第八十一番札所ウィキペディア,2025-03-12T06:11:50.000+09:00
83007_8_17fd3eefdfc473a074333c103f280663.jpg,83007,白峯寺,しろみねじ,香川県坂出市青海町2635番地,白峯寺（しろみねじ）は、香川県坂出市にある真言宗御室派の寺院。四国八十八箇所霊場の第八十一番札所。本尊は千手観音。本尊真言：おん ばさら たらま きりくご詠歌：霜さむく 露白妙の 寺のうち 御名を称ふる 法の声々山号綾松山院号洞林院宗旨真言宗宗派御室派寺格別格本山創建（伝）８１５年（弘仁六年）本尊千手観世音菩薩開基（伝）弘法大師空海中興（伝）智証大師円珍正式名綾松山　洞林院　白峯寺札所等四国霊場第八十一番札所ウィキペディア,2025-03-11T08:56:14.000+09:00
83007_9_566a9fb4116e3453e215888822ac34ec.jpg,83007,白峯寺,しろみねじ,香川県坂出市青海町2635番地,白峯寺（しろみねじ）は、香川県坂出市にある真言宗御室派の寺院。四国八十八箇所霊場の第八十一番札所。本尊は千手観音。本尊真言：おん ばさら たらま きりくご詠歌：霜さむく 露白妙の 寺のうち 御名を称ふる 法の声々山号綾松山院号洞林院宗旨真言宗宗派御室派寺格別格本山創建（伝）８１５年（弘仁六年）本尊千手観世音菩薩開基（伝）弘法大師空海中興（伝）智証大師円珍正式名綾松山　洞林院　白峯寺札所等四国霊場第八十一番札所ウィキペディア,2025-03-04T09:51:21.000+09:00
83007_10_b79738e57be3c63ed881c2181b37e5ab.jpg,83007,白峯寺,しろみねじ,香川県坂出市青海町2635番地,白峯寺（しろみねじ）は、香川県坂出市にある真言宗御室派の寺院。四国八十八箇所霊場の第八十一番札所。本尊は千手観音。本尊真言：おん ばさら たらま きりくご詠歌：霜さむく 露白妙の 寺のうち 御名を称ふる 法の声々山号綾松山院号洞林院宗旨真言宗宗派御室派寺格別格本山創建（伝）８１５年（弘仁六年）本尊千手観世音菩薩開基（伝）弘法大師空海中興（伝）智証大師円珍正式名綾松山　洞林院　白峯寺札所等四国霊場第八十一番札所ウィキペディア,2024-03-13T02:30:35.000+09:00
83007_11_317ed1e4b6a88cf269b1f6aefce4aa1b.jpg,83007,白峯寺,しろみねじ,香川県坂出市青海町2635番地,白峯寺（しろみねじ）は、香川県坂出市にある真言宗御室派の寺院。四国八十八箇所霊場の第八十一番札所。本尊は千手観音。本尊真言：おん ばさら たらま きりくご詠歌：霜さむく 露白妙の 寺のうち 御名を称ふる 法の声々山号綾松山院号洞林院宗旨真言宗宗派御室派寺格別格本山創建（伝）８１５年（弘仁六年）本尊千手観世音菩薩開基（伝）弘法大師空海中興（伝）智証大師円珍正式名綾松山　洞林院　白峯寺札所等四国霊場第八十一番札所ウィキペディア,2024-03-07T22:21:19.000+09:00
83007_12_51ae2dfe08313b4f05dceabc28b093c5.jpg,83007,白峯寺,しろみねじ,香川県坂出市青海町2635番地,白峯寺（しろみねじ）は、香川県坂出市にある真言宗御室派の寺院。四国八十八箇所霊場の第八十一番札所。本尊は千手観音。本尊真言：おん ばさら たらま きりくご詠歌：霜さむく 露白妙の 寺のうち 御名を称ふる 法の声々山号綾松山院号洞林院宗旨真言宗宗派御室派寺格別格本山創建（伝）８１５年（弘仁六年）本尊千手観世音菩薩開基（伝）弘法大師空海中興（伝）智証大師円珍正式名綾松山　洞林院　白峯寺札所等四国霊場第八十一番札所ウィキペディア,2024-02-19T00:01:20.000+09:00
83007_13_6ad05de75f5ac1ddb7c8b5ab4f1e31ee.jpg,83007,白峯寺,しろみねじ,香川県坂出市青海町2635番地,白峯寺（しろみねじ）は、香川県坂出市にある真言宗御室派の寺院。四国八十八箇所霊場の第八十一番札所。本尊は千手観音。本尊真言：おん ばさら たらま きりくご詠歌：霜さむく 露白妙の 寺のうち 御名を称ふる 法の声々山号綾松山院号洞林院宗旨真言宗宗派御室派寺格別格本山創建（伝）８１５年（弘仁六年）本尊千手観世音菩薩開基（伝）弘法大師空海中興（伝）智証大師円珍正式名綾松山　洞林院　白峯寺札所等四国霊場第八十一番札所ウィキペディア,2023-10-05T09:45:28.000+09:00
83007_14_f3b377ee697b30a1638034580c33381c.jpg,83007,白峯寺,しろみねじ,香川県坂出市青海町2635番地,白峯寺（しろみねじ）は、香川県坂出市にある真言宗御室派の寺院。四国八十八箇所霊場の第八十一番札所。本尊は千手観音。本尊真言：おん ばさら たらま きりくご詠歌：霜さむく 露白妙の 寺のうち 御名を称ふる 法の声々山号綾松山院号洞林院宗旨真言宗宗派御室派寺格別格本山創建（伝）８１５年（弘仁六年）本尊千手観世音菩薩開基（伝）弘法大師空海中興（伝）智証大師円珍正式名綾松山　洞林院　白峯寺札所等四国霊場第八十一番札所ウィキペディア,2023-10-05T09:45:27.000+09:00
83007_15_31a38e41ee72c15ff4d0b9d8af399473.jpg,83007,白峯寺,しろみねじ,香川県坂出市青海町2635番地,白峯寺（しろみねじ）は、香川県坂出市にある真言宗御室派の寺院。四国八十八箇所霊場の第八十一番札所。本尊は千手観音。本尊真言：おん ばさら たらま きりくご詠歌：霜さむく 露白妙の 寺のうち 御名を称ふる 法の声々山号綾松山院号洞林院宗旨真言宗宗派御室派寺格別格本山創建（伝）８１５年（弘仁六年）本尊千手観世音菩薩開基（伝）弘法大師空海中興（伝）智証大師円珍正式名綾松山　洞林院　白峯寺札所等四国霊場第八十一番札所ウィキペディア,2023-09-02T00:01:10.000+09:00
82887_1_13b3350aad0391949f1bb5e81aa308ff.jpg,82887,根香寺,ねごろじ,香川県高松市中山町1506番地,根香寺（ねごろじ）は、香川県高松市中山町にある天台宗単立の寺院。本尊は千手観音。四国八十八箇所霊場の第八十二番札所。本尊真言：おん ばさら たらま きりく そわかご詠歌：よひのまの たへふる霜の 消えぬれば あとこそかねの 勤行の声山号青峰山院号千手院宗旨天台宗宗派単立創建(伝)弘仁年間本尊千手観世音菩薩開基(伝)弘法大師空海・智証大師円珍正式名青峰山　千手院　根香寺札所等四国霊場第八十二番札所ウィキペディア,2025-11-17T20:21:23.000+09:00
82887_2_f4f26065264faa5aeffef1f9e9935f55.jpg,82887,根香寺,ねごろじ,香川県高松市中山町1506番地,根香寺（ねごろじ）は、香川県高松市中山町にある天台宗単立の寺院。本尊は千手観音。四国八十八箇所霊場の第八十二番札所。本尊真言：おん ばさら たらま きりく そわかご詠歌：よひのまの たへふる霜の 消えぬれば あとこそかねの 勤行の声山号青峰山院号千手院宗旨天台宗宗派単立創建(伝)弘仁年間本尊千手観世音菩薩開基(伝)弘法大師空海・智証大師円珍正式名青峰山　千手院　根香寺札所等四国霊場第八十二番札所ウィキペディア,2025-11-13T05:09:46.000+09:00
82887_3_72affb702897e2d0ea782d7cedad70f9.jpg,82887,根香寺,ねごろじ,香川県高松市中山町1506番地,根香寺（ねごろじ）は、香川県高松市中山町にある天台宗単立の寺院。本尊は千手観音。四国八十八箇所霊場の第八十二番札所。本尊真言：おん ばさら たらま きりく そわかご詠歌：よひのまの たへふる霜の 消えぬれば あとこそかねの 勤行の声山号青峰山院号千手院宗旨天台宗宗派単立創建(伝)弘仁年間本尊千手観世音菩薩開基(伝)弘法大師空海・智証大師円珍正式名青峰山　千手院　根香寺札所等四国霊場第八十二番札所ウィキペディア,2025-11-09T00:33:52.000+09:00
82887_4_0503772caf3eea8f6aacc74e3f04abd0.jpg,82887,根香寺,ねごろじ,香川県高松市中山町1506番地,根香寺（ねごろじ）は、香川県高松市中山町にある天台宗単立の寺院。本尊は千手観音。四国八十八箇所霊場の第八十二番札所。本尊真言：おん ばさら たらま きりく そわかご詠歌：よひのまの たへふる霜の 消えぬれば あとこそかねの 勤行の声山号青峰山院号千手院宗旨天台宗宗派単立創建(伝)弘仁年間本尊千手観世音菩薩開基(伝)弘法大師空海・智証大師円珍正式名青峰山　千手院　根香寺札所等四国霊場第八十二番札所ウィキペディア,2025-07-14T11:25:19.000+09:00
82887_5_2e7a1d33555509d9b2cf3bedc9af79ef.jpg,82887,根香寺,ねごろじ,香川県高松市中山町1506番地,根香寺（ねごろじ）は、香川県高松市中山町にある天台宗単立の寺院。本尊は千手観音。四国八十八箇所霊場の第八十二番札所。本尊真言：おん ばさら たらま きりく そわかご詠歌：よひのまの たへふる霜の 消えぬれば あとこそかねの 勤行の声山号青峰山院号千手院宗旨天台宗宗派単立創建(伝)弘仁年間本尊千手観世音菩薩開基(伝)弘法大師空海・智証大師円珍正式名青峰山　千手院　根香寺札所等四国霊場第八十二番札所ウィキペディア,2025-06-11T13:14:34.000+09:00
82887_6_cb336ce81366fd95ddc41275f9ed107e.jpg,82887,根香寺,ねごろじ,香川県高松市中山町1506番地,根香寺（ねごろじ）は、香川県高松市中山町にある天台宗単立の寺院。本尊は千手観音。四国八十八箇所霊場の第八十二番札所。本尊真言：おん ばさら たらま きりく そわかご詠歌：よひのまの たへふる霜の 消えぬれば あとこそかねの 勤行の声山号青峰山院号千手院宗旨天台宗宗派単立創建(伝)弘仁年間本尊千手観世音菩薩開基(伝)弘法大師空海・智証大師円珍正式名青峰山　千手院　根香寺札所等四国霊場第八十二番札所ウィキペディア,2025-06-08T13:29:35.000+09:00
82887_7_f51cc16b2f28f9656ed25995d120c3ad.jpg,82887,根香寺,ねごろじ,香川県高松市中山町1506番地,根香寺（ねごろじ）は、香川県高松市中山町にある天台宗単立の寺院。本尊は千手観音。四国八十八箇所霊場の第八十二番札所。本尊真言：おん ばさら たらま きりく そわかご詠歌：よひのまの たへふる霜の 消えぬれば あとこそかねの 勤行の声山号青峰山院号千手院宗旨天台宗宗派単立創建(伝)弘仁年間本尊千手観世音菩薩開基(伝)弘法大師空海・智証大師円珍正式名青峰山　千手院　根香寺札所等四国霊場第八十二番札所ウィキペディア,2025-02-25T10:08:12.000+09:00
82887_8_3609e2cd7f53b56fb9980e2a2b91c7ee.jpg,82887,根香寺,ねごろじ,香川県高松市中山町1506番地,根香寺（ねごろじ）は、香川県高松市中山町にある天台宗単立の寺院。本尊は千手観音。四国八十八箇所霊場の第八十二番札所。本尊真言：おん ばさら たらま きりく そわかご詠歌：よひのまの たへふる霜の 消えぬれば あとこそかねの 勤行の声山号青峰山院号千手院宗旨天台宗宗派単立創建(伝)弘仁年間本尊千手観世音菩薩開基(伝)弘法大師空海・智証大師円珍正式名青峰山　千手院　根香寺札所等四国霊場第八十二番札所ウィキペディア,2025-01-17T17:46:45.000+09:00
82887_9_221a1f94cb07edd68619131dd98b1a29.jpg,82887,根香寺,ねごろじ,香川県高松市中山町1506番地,根香寺（ねごろじ）は、香川県高松市中山町にある天台宗単立の寺院。本尊は千手観音。四国八十八箇所霊場の第八十二番札所。本尊真言：おん ばさら たらま きりく そわかご詠歌：よひのまの たへふる霜の 消えぬれば あとこそかねの 勤行の声山号青峰山院号千手院宗旨天台宗宗派単立創建(伝)弘仁年間本尊千手観世音菩薩開基(伝)弘法大師空海・智証大師円珍正式名青峰山　千手院　根香寺札所等四国霊場第八十二番札所ウィキペディア,2025-01-03T08:34:59.000+09:00
82887_10_7f34ac2910aa6986ad892c54cbce869c.jpg,82887,根香寺,ねごろじ,香川県高松市中山町1506番地,根香寺（ねごろじ）は、香川県高松市中山町にある天台宗単立の寺院。本尊は千手観音。四国八十八箇所霊場の第八十二番札所。本尊真言：おん ばさら たらま きりく そわかご詠歌：よひのまの たへふる霜の 消えぬれば あとこそかねの 勤行の声山号青峰山院号千手院宗旨天台宗宗派単立創建(伝)弘仁年間本尊千手観世音菩薩開基(伝)弘法大師空海・智証大師円珍正式名青峰山　千手院　根香寺札所等四国霊場第八十二番札所ウィキペディア,2024-01-21T21:05:00.000+09:00
82887_11_602b6e523cd970bc99f810bf2f8ce4fc.jpg,82887,根香寺,ねごろじ,香川県高松市中山町1506番地,根香寺（ねごろじ）は、香川県高松市中山町にある天台宗単立の寺院。本尊は千手観音。四国八十八箇所霊場の第八十二番札所。本尊真言：おん ばさら たらま きりく そわかご詠歌：よひのまの たへふる霜の 消えぬれば あとこそかねの 勤行の声山号青峰山院号千手院宗旨天台宗宗派単立創建(伝)弘仁年間本尊千手観世音菩薩開基(伝)弘法大師空海・智証大師円珍正式名青峰山　千手院　根香寺札所等四国霊場第八十二番札所ウィキペディア,2024-01-08T23:02:32.000+09:00
82887_12_426d24421561414a75b0134b1737055c.jpg,82887,根香寺,ねごろじ,香川県高松市中山町1506番地,根香寺（ねごろじ）は、香川県高松市中山町にある天台宗単立の寺院。本尊は千手観音。四国八十八箇所霊場の第八十二番札所。本尊真言：おん ばさら たらま きりく そわかご詠歌：よひのまの たへふる霜の 消えぬれば あとこそかねの 勤行の声山号青峰山院号千手院宗旨天台宗宗派単立創建(伝)弘仁年間本尊千手観世音菩薩開基(伝)弘法大師空海・智証大師円珍正式名青峰山　千手院　根香寺札所等四国霊場第八十二番札所ウィキペディア,2023-12-28T21:03:43.000+09:00
82887_13_4a38d57e3f389e61ee66865f86973d1f.jpg,82887,根香寺,ねごろじ,香川県高松市中山町1506番地,根香寺（ねごろじ）は、香川県高松市中山町にある天台宗単立の寺院。本尊は千手観音。四国八十八箇所霊場の第八十二番札所。本尊真言：おん ばさら たらま きりく そわかご詠歌：よひのまの たへふる霜の 消えぬれば あとこそかねの 勤行の声山号青峰山院号千手院宗旨天台宗宗派単立創建(伝)弘仁年間本尊千手観世音菩薩開基(伝)弘法大師空海・智証大師円珍正式名青峰山　千手院　根香寺札所等四国霊場第八十二番札所ウィキペディア,2022-07-26T14:32:43.000+09:00
82887_14_a38b560257ee65b2933c4df42e991fe4.jpg,82887,根香寺,ねごろじ,香川県高松市中山町1506番地,根香寺（ねごろじ）は、香川県高松市中山町にある天台宗単立の寺院。本尊は千手観音。四国八十八箇所霊場の第八十二番札所。本尊真言：おん ばさら たらま きりく そわかご詠歌：よひのまの たへふる霜の 消えぬれば あとこそかねの 勤行の声山号青峰山院号千手院宗旨天台宗宗派単立創建(伝)弘仁年間本尊千手観世音菩薩開基(伝)弘法大師空海・智証大師円珍正式名青峰山　千手院　根香寺札所等四国霊場第八十二番札所ウィキペディア,2022-05-02T19:28:42.000+09:00
82887_15_28c12df81f8df65ee475793498014c35.jpg,82887,根香寺,ねごろじ,香川県高松市中山町1506番地,根香寺（ねごろじ）は、香川県高松市中山町にある天台宗単立の寺院。本尊は千手観音。四国八十八箇所霊場の第八十二番札所。本尊真言：おん ばさら たらま きりく そわかご詠歌：よひのまの たへふる霜の 消えぬれば あとこそかねの 勤行の声山号青峰山院号千手院宗旨天台宗宗派単立創建(伝)弘仁年間本尊千手観世音菩薩開基(伝)弘法大師空海・智証大師円珍正式名青峰山　千手院　根香寺札所等四国霊場第八十二番札所ウィキペディア,2022-03-07T23:25:31.000+09:00
82454_1_14e82431ccf868c43bc52fceb218a96d.jpg,82454,一宮寺,いちのみやじ,香川県高松市一宮町607番地,一宮寺は、大宝年間（701-703）に法相宗の祖、義淵僧正が開いたと伝えられています。当初は大宝院と称していましたが、和銅年間（708-715）に諸国に一宮が建立された時、讃岐一宮の第一別当寺（統括管理職）となりました。その後、行基菩薩が堂塔を修復し、一宮寺に改めたとされています。大同年間（806-810）には弘法大師さまが四国八十八ヶ所建立の際、一宮寺に訪れて聖観音菩薩を彫刻して設置しました。その尊像を本尊として安置し、四国第八十三番の霊場として真言宗に改めました。,2025-11-17T20:22:20.000+09:00
82454_2_08340a38ae2978822c4dce7433dda2b6.jpg,82454,一宮寺,いちのみやじ,香川県高松市一宮町607番地,一宮寺は、大宝年間（701-703）に法相宗の祖、義淵僧正が開いたと伝えられています。当初は大宝院と称していましたが、和銅年間（708-715）に諸国に一宮が建立された時、讃岐一宮の第一別当寺（統括管理職）となりました。その後、行基菩薩が堂塔を修復し、一宮寺に改めたとされています。大同年間（806-810）には弘法大師さまが四国八十八ヶ所建立の際、一宮寺に訪れて聖観音菩薩を彫刻して設置しました。その尊像を本尊として安置し、四国第八十三番の霊場として真言宗に改めました。,2025-11-13T05:11:13.000+09:00
82454_3_b449ec00f2d51d74018ec352e594a853.jpg,82454,一宮寺,いちのみやじ,香川県高松市一宮町607番地,一宮寺は、大宝年間（701-703）に法相宗の祖、義淵僧正が開いたと伝えられています。当初は大宝院と称していましたが、和銅年間（708-715）に諸国に一宮が建立された時、讃岐一宮の第一別当寺（統括管理職）となりました。その後、行基菩薩が堂塔を修復し、一宮寺に改めたとされています。大同年間（806-810）には弘法大師さまが四国八十八ヶ所建立の際、一宮寺に訪れて聖観音菩薩を彫刻して設置しました。その尊像を本尊として安置し、四国第八十三番の霊場として真言宗に改めました。,2025-11-09T20:56:00.000+09:00
82454_4_e75f6754cbae4026e0fe146c92884f5f.jpg,82454,一宮寺,いちのみやじ,香川県高松市一宮町607番地,一宮寺は、大宝年間（701-703）に法相宗の祖、義淵僧正が開いたと伝えられています。当初は大宝院と称していましたが、和銅年間（708-715）に諸国に一宮が建立された時、讃岐一宮の第一別当寺（統括管理職）となりました。その後、行基菩薩が堂塔を修復し、一宮寺に改めたとされています。大同年間（806-810）には弘法大師さまが四国八十八ヶ所建立の際、一宮寺に訪れて聖観音菩薩を彫刻して設置しました。その尊像を本尊として安置し、四国第八十三番の霊場として真言宗に改めました。,2025-09-20T23:24:07.000+09:00
82454_5_78d6fa2e25cca4e4a2c3fcfde8a16c02.jpg,82454,一宮寺,いちのみやじ,香川県高松市一宮町607番地,一宮寺は、大宝年間（701-703）に法相宗の祖、義淵僧正が開いたと伝えられています。当初は大宝院と称していましたが、和銅年間（708-715）に諸国に一宮が建立された時、讃岐一宮の第一別当寺（統括管理職）となりました。その後、行基菩薩が堂塔を修復し、一宮寺に改めたとされています。大同年間（806-810）には弘法大師さまが四国八十八ヶ所建立の際、一宮寺に訪れて聖観音菩薩を彫刻して設置しました。その尊像を本尊として安置し、四国第八十三番の霊場として真言宗に改めました。,2025-09-15T20:09:10.000+09:00
82454_6_2efa99bb98107652823f918d38cec656.jpg,82454,一宮寺,いちのみやじ,香川県高松市一宮町607番地,一宮寺は、大宝年間（701-703）に法相宗の祖、義淵僧正が開いたと伝えられています。当初は大宝院と称していましたが、和銅年間（708-715）に諸国に一宮が建立された時、讃岐一宮の第一別当寺（統括管理職）となりました。その後、行基菩薩が堂塔を修復し、一宮寺に改めたとされています。大同年間（806-810）には弘法大師さまが四国八十八ヶ所建立の際、一宮寺に訪れて聖観音菩薩を彫刻して設置しました。その尊像を本尊として安置し、四国第八十三番の霊場として真言宗に改めました。,2025-09-13T18:18:46.000+09:00
82454_7_0ea1856a119b3be7705928971804996a.jpg,82454,一宮寺,いちのみやじ,香川県高松市一宮町607番地,一宮寺は、大宝年間（701-703）に法相宗の祖、義淵僧正が開いたと伝えられています。当初は大宝院と称していましたが、和銅年間（708-715）に諸国に一宮が建立された時、讃岐一宮の第一別当寺（統括管理職）となりました。その後、行基菩薩が堂塔を修復し、一宮寺に改めたとされています。大同年間（806-810）には弘法大師さまが四国八十八ヶ所建立の際、一宮寺に訪れて聖観音菩薩を彫刻して設置しました。その尊像を本尊として安置し、四国第八十三番の霊場として真言宗に改めました。,2025-06-13T16:51:40.000+09:00
82454_8_3bf4c3b76161e85f7fe5b57cbaaa6039.jpg,82454,一宮寺,いちのみやじ,香川県高松市一宮町607番地,一宮寺は、大宝年間（701-703）に法相宗の祖、義淵僧正が開いたと伝えられています。当初は大宝院と称していましたが、和銅年間（708-715）に諸国に一宮が建立された時、讃岐一宮の第一別当寺（統括管理職）となりました。その後、行基菩薩が堂塔を修復し、一宮寺に改めたとされています。大同年間（806-810）には弘法大師さまが四国八十八ヶ所建立の際、一宮寺に訪れて聖観音菩薩を彫刻して設置しました。その尊像を本尊として安置し、四国第八十三番の霊場として真言宗に改めました。,2025-06-13T06:22:22.000+09:00
82454_9_72354aeb2942060a9c308606f77e6c85.jpg,82454,一宮寺,いちのみやじ,香川県高松市一宮町607番地,一宮寺は、大宝年間（701-703）に法相宗の祖、義淵僧正が開いたと伝えられています。当初は大宝院と称していましたが、和銅年間（708-715）に諸国に一宮が建立された時、讃岐一宮の第一別当寺（統括管理職）となりました。その後、行基菩薩が堂塔を修復し、一宮寺に改めたとされています。大同年間（806-810）には弘法大師さまが四国八十八ヶ所建立の際、一宮寺に訪れて聖観音菩薩を彫刻して設置しました。その尊像を本尊として安置し、四国第八十三番の霊場として真言宗に改めました。,2025-06-11T20:42:31.000+09:00
82454_10_3028713127e57c7ca2f2f2bc43393739.jpg,82454,一宮寺,いちのみやじ,香川県高松市一宮町607番地,一宮寺は、大宝年間（701-703）に法相宗の祖、義淵僧正が開いたと伝えられています。当初は大宝院と称していましたが、和銅年間（708-715）に諸国に一宮が建立された時、讃岐一宮の第一別当寺（統括管理職）となりました。その後、行基菩薩が堂塔を修復し、一宮寺に改めたとされています。大同年間（806-810）には弘法大師さまが四国八十八ヶ所建立の際、一宮寺に訪れて聖観音菩薩を彫刻して設置しました。その尊像を本尊として安置し、四国第八十三番の霊場として真言宗に改めました。,2025-04-30T20:50:19.000+09:00
82454_11_119e744dcc6b640aa51c02be7acd7828.jpg,82454,一宮寺,いちのみやじ,香川県高松市一宮町607番地,一宮寺は、大宝年間（701-703）に法相宗の祖、義淵僧正が開いたと伝えられています。当初は大宝院と称していましたが、和銅年間（708-715）に諸国に一宮が建立された時、讃岐一宮の第一別当寺（統括管理職）となりました。その後、行基菩薩が堂塔を修復し、一宮寺に改めたとされています。大同年間（806-810）には弘法大師さまが四国八十八ヶ所建立の際、一宮寺に訪れて聖観音菩薩を彫刻して設置しました。その尊像を本尊として安置し、四国第八十三番の霊場として真言宗に改めました。,2025-04-27T19:48:42.000+09:00
82454_12_85c823505d155ac678718f77ed8917fe.jpg,82454,一宮寺,いちのみやじ,香川県高松市一宮町607番地,一宮寺は、大宝年間（701-703）に法相宗の祖、義淵僧正が開いたと伝えられています。当初は大宝院と称していましたが、和銅年間（708-715）に諸国に一宮が建立された時、讃岐一宮の第一別当寺（統括管理職）となりました。その後、行基菩薩が堂塔を修復し、一宮寺に改めたとされています。大同年間（806-810）には弘法大師さまが四国八十八ヶ所建立の際、一宮寺に訪れて聖観音菩薩を彫刻して設置しました。その尊像を本尊として安置し、四国第八十三番の霊場として真言宗に改めました。,2025-04-25T13:52:31.000+09:00
82454_13_6339609b9b72c0947292ff1ba3582cdc.jpg,82454,一宮寺,いちのみやじ,香川県高松市一宮町607番地,一宮寺は、大宝年間（701-703）に法相宗の祖、義淵僧正が開いたと伝えられています。当初は大宝院と称していましたが、和銅年間（708-715）に諸国に一宮が建立された時、讃岐一宮の第一別当寺（統括管理職）となりました。その後、行基菩薩が堂塔を修復し、一宮寺に改めたとされています。大同年間（806-810）には弘法大師さまが四国八十八ヶ所建立の際、一宮寺に訪れて聖観音菩薩を彫刻して設置しました。その尊像を本尊として安置し、四国第八十三番の霊場として真言宗に改めました。,2025-03-11T09:06:57.000+09:00
82454_14_20514af1d5fd787409a75cfc9f512064.jpg,82454,一宮寺,いちのみやじ,香川県高松市一宮町607番地,一宮寺は、大宝年間（701-703）に法相宗の祖、義淵僧正が開いたと伝えられています。当初は大宝院と称していましたが、和銅年間（708-715）に諸国に一宮が建立された時、讃岐一宮の第一別当寺（統括管理職）となりました。その後、行基菩薩が堂塔を修復し、一宮寺に改めたとされています。大同年間（806-810）には弘法大師さまが四国八十八ヶ所建立の際、一宮寺に訪れて聖観音菩薩を彫刻して設置しました。その尊像を本尊として安置し、四国第八十三番の霊場として真言宗に改めました。,2025-03-08T21:08:55.000+09:00
82454_15_4c6e16e0a602e79c35a25f58d765c194.jpg,82454,一宮寺,いちのみやじ,香川県高松市一宮町607番地,一宮寺は、大宝年間（701-703）に法相宗の祖、義淵僧正が開いたと伝えられています。当初は大宝院と称していましたが、和銅年間（708-715）に諸国に一宮が建立された時、讃岐一宮の第一別当寺（統括管理職）となりました。その後、行基菩薩が堂塔を修復し、一宮寺に改めたとされています。大同年間（806-810）には弘法大師さまが四国八十八ヶ所建立の際、一宮寺に訪れて聖観音菩薩を彫刻して設置しました。その尊像を本尊として安置し、四国第八十三番の霊場として真言宗に改めました。,2025-03-08T21:08:52.000+09:00
82710_1_8a70a5dad458492a8c45f0080ef37d09.jpg,82710,屋島寺,やしまじ,香川県高松市屋島東町字屋島峯1808番地,屋島寺（やしまじ）は、香川県高松市屋島東町にある真言宗御室派の寺院。四国八十八箇所霊場の第八十四番札所。本尊真言：おん ばさら たらま きりくご詠歌：梓弓 屋島の寺に 詣でつつ 祈りをかけて 勇むもののふ山号南面山院号千光院宗旨真言宗宗派御室派寺格準大本山創建（伝）天平勝宝6年（754年）本尊千手観音開基（伝）鑑真正式名南面山 千光院 屋島寺札所等四国八十八箇所84番文化財本堂、木造千手観音坐像、梵鐘（国の重要文化財）行事彼岸会　3月21日正御影供　3月21日土砂加持　4月11日(旧)鎮守祭　9月9日(旧)ウィキペディア,2025-12-16T18:54:38.000+09:00
82710_2_fd0f091fcfd871dca8dca429d4c8dcf1.jpg,82710,屋島寺,やしまじ,香川県高松市屋島東町字屋島峯1808番地,屋島寺（やしまじ）は、香川県高松市屋島東町にある真言宗御室派の寺院。四国八十八箇所霊場の第八十四番札所。本尊真言：おん ばさら たらま きりくご詠歌：梓弓 屋島の寺に 詣でつつ 祈りをかけて 勇むもののふ山号南面山院号千光院宗旨真言宗宗派御室派寺格準大本山創建（伝）天平勝宝6年（754年）本尊千手観音開基（伝）鑑真正式名南面山 千光院 屋島寺札所等四国八十八箇所84番文化財本堂、木造千手観音坐像、梵鐘（国の重要文化財）行事彼岸会　3月21日正御影供　3月21日土砂加持　4月11日(旧)鎮守祭　9月9日(旧)ウィキペディア,2025-12-15T23:31:32.000+09:00
82710_3_e8bcc73021307d98d3fa89bfb544da47.jpg,82710,屋島寺,やしまじ,香川県高松市屋島東町字屋島峯1808番地,屋島寺（やしまじ）は、香川県高松市屋島東町にある真言宗御室派の寺院。四国八十八箇所霊場の第八十四番札所。本尊真言：おん ばさら たらま きりくご詠歌：梓弓 屋島の寺に 詣でつつ 祈りをかけて 勇むもののふ山号南面山院号千光院宗旨真言宗宗派御室派寺格準大本山創建（伝）天平勝宝6年（754年）本尊千手観音開基（伝）鑑真正式名南面山 千光院 屋島寺札所等四国八十八箇所84番文化財本堂、木造千手観音坐像、梵鐘（国の重要文化財）行事彼岸会　3月21日正御影供　3月21日土砂加持　4月11日(旧)鎮守祭　9月9日(旧)ウィキペディア,2025-12-14T22:47:10.000+09:00
82710_4_7c75e37f4f499a2e98defcde3120986a.jpg,82710,屋島寺,やしまじ,香川県高松市屋島東町字屋島峯1808番地,屋島寺（やしまじ）は、香川県高松市屋島東町にある真言宗御室派の寺院。四国八十八箇所霊場の第八十四番札所。本尊真言：おん ばさら たらま きりくご詠歌：梓弓 屋島の寺に 詣でつつ 祈りをかけて 勇むもののふ山号南面山院号千光院宗旨真言宗宗派御室派寺格準大本山創建（伝）天平勝宝6年（754年）本尊千手観音開基（伝）鑑真正式名南面山 千光院 屋島寺札所等四国八十八箇所84番文化財本堂、木造千手観音坐像、梵鐘（国の重要文化財）行事彼岸会　3月21日正御影供　3月21日土砂加持　4月11日(旧)鎮守祭　9月9日(旧)ウィキペディア,2025-11-27T19:10:36.000+09:00
82710_5_ca31b70fd4889eb43ee6e28bdce7f0cf.jpg,82710,屋島寺,やしまじ,香川県高松市屋島東町字屋島峯1808番地,屋島寺（やしまじ）は、香川県高松市屋島東町にある真言宗御室派の寺院。四国八十八箇所霊場の第八十四番札所。本尊真言：おん ばさら たらま きりくご詠歌：梓弓 屋島の寺に 詣でつつ 祈りをかけて 勇むもののふ山号南面山院号千光院宗旨真言宗宗派御室派寺格準大本山創建（伝）天平勝宝6年（754年）本尊千手観音開基（伝）鑑真正式名南面山 千光院 屋島寺札所等四国八十八箇所84番文化財本堂、木造千手観音坐像、梵鐘（国の重要文化財）行事彼岸会　3月21日正御影供　3月21日土砂加持　4月11日(旧)鎮守祭　9月9日(旧)ウィキペディア,2025-11-26T20:42:59.000+09:00
82710_6_e423088812661bc50de5ffa2b98bc476.jpg,82710,屋島寺,やしまじ,香川県高松市屋島東町字屋島峯1808番地,屋島寺（やしまじ）は、香川県高松市屋島東町にある真言宗御室派の寺院。四国八十八箇所霊場の第八十四番札所。本尊真言：おん ばさら たらま きりくご詠歌：梓弓 屋島の寺に 詣でつつ 祈りをかけて 勇むもののふ山号南面山院号千光院宗旨真言宗宗派御室派寺格準大本山創建（伝）天平勝宝6年（754年）本尊千手観音開基（伝）鑑真正式名南面山 千光院 屋島寺札所等四国八十八箇所84番文化財本堂、木造千手観音坐像、梵鐘（国の重要文化財）行事彼岸会　3月21日正御影供　3月21日土砂加持　4月11日(旧)鎮守祭　9月9日(旧)ウィキペディア,2025-11-26T20:42:58.000+09:00
82710_7_26fac5833e0846175e226248844be756.jpg,82710,屋島寺,やしまじ,香川県高松市屋島東町字屋島峯1808番地,屋島寺（やしまじ）は、香川県高松市屋島東町にある真言宗御室派の寺院。四国八十八箇所霊場の第八十四番札所。本尊真言：おん ばさら たらま きりくご詠歌：梓弓 屋島の寺に 詣でつつ 祈りをかけて 勇むもののふ山号南面山院号千光院宗旨真言宗宗派御室派寺格準大本山創建（伝）天平勝宝6年（754年）本尊千手観音開基（伝）鑑真正式名南面山 千光院 屋島寺札所等四国八十八箇所84番文化財本堂、木造千手観音坐像、梵鐘（国の重要文化財）行事彼岸会　3月21日正御影供　3月21日土砂加持　4月11日(旧)鎮守祭　9月9日(旧)ウィキペディア,2025-10-28T19:42:25.000+09:00
82710_8_9479ea702e5531bc436e9f6f6360091c.jpg,82710,屋島寺,やしまじ,香川県高松市屋島東町字屋島峯1808番地,屋島寺（やしまじ）は、香川県高松市屋島東町にある真言宗御室派の寺院。四国八十八箇所霊場の第八十四番札所。本尊真言：おん ばさら たらま きりくご詠歌：梓弓 屋島の寺に 詣でつつ 祈りをかけて 勇むもののふ山号南面山院号千光院宗旨真言宗宗派御室派寺格準大本山創建（伝）天平勝宝6年（754年）本尊千手観音開基（伝）鑑真正式名南面山 千光院 屋島寺札所等四国八十八箇所84番文化財本堂、木造千手観音坐像、梵鐘（国の重要文化財）行事彼岸会　3月21日正御影供　3月21日土砂加持　4月11日(旧)鎮守祭　9月9日(旧)ウィキペディア,2025-10-27T21:17:52.000+09:00
82710_9_74348e14baa92f767b2c04a746b4861b.jpg,82710,屋島寺,やしまじ,香川県高松市屋島東町字屋島峯1808番地,屋島寺（やしまじ）は、香川県高松市屋島東町にある真言宗御室派の寺院。四国八十八箇所霊場の第八十四番札所。本尊真言：おん ばさら たらま きりくご詠歌：梓弓 屋島の寺に 詣でつつ 祈りをかけて 勇むもののふ山号南面山院号千光院宗旨真言宗宗派御室派寺格準大本山創建（伝）天平勝宝6年（754年）本尊千手観音開基（伝）鑑真正式名南面山 千光院 屋島寺札所等四国八十八箇所84番文化財本堂、木造千手観音坐像、梵鐘（国の重要文化財）行事彼岸会　3月21日正御影供　3月21日土砂加持　4月11日(旧)鎮守祭　9月9日(旧)ウィキペディア,2025-10-25T22:17:25.000+09:00
82710_10_5ac4a875a7ddb95b2e4260dd32bb6c2b.jpg,82710,屋島寺,やしまじ,香川県高松市屋島東町字屋島峯1808番地,屋島寺（やしまじ）は、香川県高松市屋島東町にある真言宗御室派の寺院。四国八十八箇所霊場の第八十四番札所。本尊真言：おん ばさら たらま きりくご詠歌：梓弓 屋島の寺に 詣でつつ 祈りをかけて 勇むもののふ山号南面山院号千光院宗旨真言宗宗派御室派寺格準大本山創建（伝）天平勝宝6年（754年）本尊千手観音開基（伝）鑑真正式名南面山 千光院 屋島寺札所等四国八十八箇所84番文化財本堂、木造千手観音坐像、梵鐘（国の重要文化財）行事彼岸会　3月21日正御影供　3月21日土砂加持　4月11日(旧)鎮守祭　9月9日(旧)ウィキペディア,2025-09-19T18:24:40.000+09:00
82710_11_ed5ce2bd5371e97c4ce4dbcd1d6cdc84.jpg,82710,屋島寺,やしまじ,香川県高松市屋島東町字屋島峯1808番地,屋島寺（やしまじ）は、香川県高松市屋島東町にある真言宗御室派の寺院。四国八十八箇所霊場の第八十四番札所。本尊真言：おん ばさら たらま きりくご詠歌：梓弓 屋島の寺に 詣でつつ 祈りをかけて 勇むもののふ山号南面山院号千光院宗旨真言宗宗派御室派寺格準大本山創建（伝）天平勝宝6年（754年）本尊千手観音開基（伝）鑑真正式名南面山 千光院 屋島寺札所等四国八十八箇所84番文化財本堂、木造千手観音坐像、梵鐘（国の重要文化財）行事彼岸会　3月21日正御影供　3月21日土砂加持　4月11日(旧)鎮守祭　9月9日(旧)ウィキペディア,2025-09-18T20:23:10.000+09:00
82710_12_7a3767c7ed6edc9dc53430262ac6fdae.jpg,82710,屋島寺,やしまじ,香川県高松市屋島東町字屋島峯1808番地,屋島寺（やしまじ）は、香川県高松市屋島東町にある真言宗御室派の寺院。四国八十八箇所霊場の第八十四番札所。本尊真言：おん ばさら たらま きりくご詠歌：梓弓 屋島の寺に 詣でつつ 祈りをかけて 勇むもののふ山号南面山院号千光院宗旨真言宗宗派御室派寺格準大本山創建（伝）天平勝宝6年（754年）本尊千手観音開基（伝）鑑真正式名南面山 千光院 屋島寺札所等四国八十八箇所84番文化財本堂、木造千手観音坐像、梵鐘（国の重要文化財）行事彼岸会　3月21日正御影供　3月21日土砂加持　4月11日(旧)鎮守祭　9月9日(旧)ウィキペディア,2025-09-16T20:03:47.000+09:00
82710_13_c43648e5721a30e0e49dac44998f555a.jpg,82710,屋島寺,やしまじ,香川県高松市屋島東町字屋島峯1808番地,屋島寺（やしまじ）は、香川県高松市屋島東町にある真言宗御室派の寺院。四国八十八箇所霊場の第八十四番札所。本尊真言：おん ばさら たらま きりくご詠歌：梓弓 屋島の寺に 詣でつつ 祈りをかけて 勇むもののふ山号南面山院号千光院宗旨真言宗宗派御室派寺格準大本山創建（伝）天平勝宝6年（754年）本尊千手観音開基（伝）鑑真正式名南面山 千光院 屋島寺札所等四国八十八箇所84番文化財本堂、木造千手観音坐像、梵鐘（国の重要文化財）行事彼岸会　3月21日正御影供　3月21日土砂加持　4月11日(旧)鎮守祭　9月9日(旧)ウィキペディア,2025-08-18T20:37:08.000+09:00
82710_14_a5564a579e4f58004322c46bd6db0d53.jpg,82710,屋島寺,やしまじ,香川県高松市屋島東町字屋島峯1808番地,屋島寺（やしまじ）は、香川県高松市屋島東町にある真言宗御室派の寺院。四国八十八箇所霊場の第八十四番札所。本尊真言：おん ばさら たらま きりくご詠歌：梓弓 屋島の寺に 詣でつつ 祈りをかけて 勇むもののふ山号南面山院号千光院宗旨真言宗宗派御室派寺格準大本山創建（伝）天平勝宝6年（754年）本尊千手観音開基（伝）鑑真正式名南面山 千光院 屋島寺札所等四国八十八箇所84番文化財本堂、木造千手観音坐像、梵鐘（国の重要文化財）行事彼岸会　3月21日正御影供　3月21日土砂加持　4月11日(旧)鎮守祭　9月9日(旧)ウィキペディア,2025-08-07T19:40:03.000+09:00
82710_15_f1899821ff50a61c52030f17393c7589.jpg,82710,屋島寺,やしまじ,香川県高松市屋島東町字屋島峯1808番地,屋島寺（やしまじ）は、香川県高松市屋島東町にある真言宗御室派の寺院。四国八十八箇所霊場の第八十四番札所。本尊真言：おん ばさら たらま きりくご詠歌：梓弓 屋島の寺に 詣でつつ 祈りをかけて 勇むもののふ山号南面山院号千光院宗旨真言宗宗派御室派寺格準大本山創建（伝）天平勝宝6年（754年）本尊千手観音開基（伝）鑑真正式名南面山 千光院 屋島寺札所等四国八十八箇所84番文化財本堂、木造千手観音坐像、梵鐘（国の重要文化財）行事彼岸会　3月21日正御影供　3月21日土砂加持　4月11日(旧)鎮守祭　9月9日(旧)ウィキペディア,2025-08-05T20:19:32.000+09:00
82514_1_fcdc66aacd95b8e3ea27497b3a1b897f.jpg,82514,八栗寺,やくりじ,香川県高松市牟礼町牟礼字八栗3416番地,八栗寺（やくりじ）は、香川県高松市牟礼町牟礼にある真言宗大覚寺派の寺院。四国八十八箇所霊場の第八十五番札所。本尊は聖観音菩薩。本尊真言：おん あろりきゃ そわかご詠歌：煩悩を 胸の智火にて やくりをば 修行者ならで 誰か知るべき山号五剣山院号観自在院宗旨真言宗宗派大覚寺派創建（伝）天長6年（829年）本尊聖観世音菩薩開基（伝）空海（弘法大師）正式名五剣山 観自在院 八栗寺札所等四国八十八箇所八十五番札所ウィキペディア,2025-11-13T05:18:26.000+09:00
82514_2_1d5f93ea3529f247321f129d0104a3c3.jpg,82514,八栗寺,やくりじ,香川県高松市牟礼町牟礼字八栗3416番地,八栗寺（やくりじ）は、香川県高松市牟礼町牟礼にある真言宗大覚寺派の寺院。四国八十八箇所霊場の第八十五番札所。本尊は聖観音菩薩。本尊真言：おん あろりきゃ そわかご詠歌：煩悩を 胸の智火にて やくりをば 修行者ならで 誰か知るべき山号五剣山院号観自在院宗旨真言宗宗派大覚寺派創建（伝）天長6年（829年）本尊聖観世音菩薩開基（伝）空海（弘法大師）正式名五剣山 観自在院 八栗寺札所等四国八十八箇所八十五番札所ウィキペディア,2025-11-09T00:53:01.000+09:00
82514_3_caebcb5740e38c5726bbfb8f7b8d78fe.jpg,82514,八栗寺,やくりじ,香川県高松市牟礼町牟礼字八栗3416番地,八栗寺（やくりじ）は、香川県高松市牟礼町牟礼にある真言宗大覚寺派の寺院。四国八十八箇所霊場の第八十五番札所。本尊は聖観音菩薩。本尊真言：おん あろりきゃ そわかご詠歌：煩悩を 胸の智火にて やくりをば 修行者ならで 誰か知るべき山号五剣山院号観自在院宗旨真言宗宗派大覚寺派創建（伝）天長6年（829年）本尊聖観世音菩薩開基（伝）空海（弘法大師）正式名五剣山 観自在院 八栗寺札所等四国八十八箇所八十五番札所ウィキペディア,2025-11-08T21:15:32.000+09:00
82514_4_1a243bf00f8dfbd2ced085111c1b9da6.jpg,82514,八栗寺,やくりじ,香川県高松市牟礼町牟礼字八栗3416番地,八栗寺（やくりじ）は、香川県高松市牟礼町牟礼にある真言宗大覚寺派の寺院。四国八十八箇所霊場の第八十五番札所。本尊は聖観音菩薩。本尊真言：おん あろりきゃ そわかご詠歌：煩悩を 胸の智火にて やくりをば 修行者ならで 誰か知るべき山号五剣山院号観自在院宗旨真言宗宗派大覚寺派創建（伝）天長6年（829年）本尊聖観世音菩薩開基（伝）空海（弘法大師）正式名五剣山 観自在院 八栗寺札所等四国八十八箇所八十五番札所ウィキペディア,2025-05-30T16:10:10.000+09:00
82514_5_3d6a46b2d588cbdc239b01f6ed541eb5.jpg,82514,八栗寺,やくりじ,香川県高松市牟礼町牟礼字八栗3416番地,八栗寺（やくりじ）は、香川県高松市牟礼町牟礼にある真言宗大覚寺派の寺院。四国八十八箇所霊場の第八十五番札所。本尊は聖観音菩薩。本尊真言：おん あろりきゃ そわかご詠歌：煩悩を 胸の智火にて やくりをば 修行者ならで 誰か知るべき山号五剣山院号観自在院宗旨真言宗宗派大覚寺派創建（伝）天長6年（829年）本尊聖観世音菩薩開基（伝）空海（弘法大師）正式名五剣山 観自在院 八栗寺札所等四国八十八箇所八十五番札所ウィキペディア,2025-05-27T21:09:54.000+09:00
82514_6_7d6d5565f7709c2b56afd21115e2881b.jpg,82514,八栗寺,やくりじ,香川県高松市牟礼町牟礼字八栗3416番地,八栗寺（やくりじ）は、香川県高松市牟礼町牟礼にある真言宗大覚寺派の寺院。四国八十八箇所霊場の第八十五番札所。本尊は聖観音菩薩。本尊真言：おん あろりきゃ そわかご詠歌：煩悩を 胸の智火にて やくりをば 修行者ならで 誰か知るべき山号五剣山院号観自在院宗旨真言宗宗派大覚寺派創建（伝）天長6年（829年）本尊聖観世音菩薩開基（伝）空海（弘法大師）正式名五剣山 観自在院 八栗寺札所等四国八十八箇所八十五番札所ウィキペディア,2025-05-20T19:21:38.000+09:00
82514_7_d79210211c6507da3b3c7dc77ebb7ecc.jpg,82514,八栗寺,やくりじ,香川県高松市牟礼町牟礼字八栗3416番地,八栗寺（やくりじ）は、香川県高松市牟礼町牟礼にある真言宗大覚寺派の寺院。四国八十八箇所霊場の第八十五番札所。本尊は聖観音菩薩。本尊真言：おん あろりきゃ そわかご詠歌：煩悩を 胸の智火にて やくりをば 修行者ならで 誰か知るべき山号五剣山院号観自在院宗旨真言宗宗派大覚寺派創建（伝）天長6年（829年）本尊聖観世音菩薩開基（伝）空海（弘法大師）正式名五剣山 観自在院 八栗寺札所等四国八十八箇所八十五番札所ウィキペディア,2025-02-17T22:14:52.000+09:00
82514_8_f5ba6e553e30702734bc355c04321293.jpg,82514,八栗寺,やくりじ,香川県高松市牟礼町牟礼字八栗3416番地,八栗寺（やくりじ）は、香川県高松市牟礼町牟礼にある真言宗大覚寺派の寺院。四国八十八箇所霊場の第八十五番札所。本尊は聖観音菩薩。本尊真言：おん あろりきゃ そわかご詠歌：煩悩を 胸の智火にて やくりをば 修行者ならで 誰か知るべき山号五剣山院号観自在院宗旨真言宗宗派大覚寺派創建（伝）天長6年（829年）本尊聖観世音菩薩開基（伝）空海（弘法大師）正式名五剣山 観自在院 八栗寺札所等四国八十八箇所八十五番札所ウィキペディア,2025-01-25T02:06:02.000+09:00
82514_9_e60635d6d6c7ea0b2f791cf9e49aa638.jpg,82514,八栗寺,やくりじ,香川県高松市牟礼町牟礼字八栗3416番地,八栗寺（やくりじ）は、香川県高松市牟礼町牟礼にある真言宗大覚寺派の寺院。四国八十八箇所霊場の第八十五番札所。本尊は聖観音菩薩。本尊真言：おん あろりきゃ そわかご詠歌：煩悩を 胸の智火にて やくりをば 修行者ならで 誰か知るべき山号五剣山院号観自在院宗旨真言宗宗派大覚寺派創建（伝）天長6年（829年）本尊聖観世音菩薩開基（伝）空海（弘法大師）正式名五剣山 観自在院 八栗寺札所等四国八十八箇所八十五番札所ウィキペディア,2025-01-25T02:06:01.000+09:00
82514_10_119c3bd23acfc3183d43a4373386c735.jpg,82514,八栗寺,やくりじ,香川県高松市牟礼町牟礼字八栗3416番地,八栗寺（やくりじ）は、香川県高松市牟礼町牟礼にある真言宗大覚寺派の寺院。四国八十八箇所霊場の第八十五番札所。本尊は聖観音菩薩。本尊真言：おん あろりきゃ そわかご詠歌：煩悩を 胸の智火にて やくりをば 修行者ならで 誰か知るべき山号五剣山院号観自在院宗旨真言宗宗派大覚寺派創建（伝）天長6年（829年）本尊聖観世音菩薩開基（伝）空海（弘法大師）正式名五剣山 観自在院 八栗寺札所等四国八十八箇所八十五番札所ウィキペディア,2024-03-12T22:47:39.000+09:00
82514_11_b5cc5560c80f4330191c4fd7e3889091.jpg,82514,八栗寺,やくりじ,香川県高松市牟礼町牟礼字八栗3416番地,八栗寺（やくりじ）は、香川県高松市牟礼町牟礼にある真言宗大覚寺派の寺院。四国八十八箇所霊場の第八十五番札所。本尊は聖観音菩薩。本尊真言：おん あろりきゃ そわかご詠歌：煩悩を 胸の智火にて やくりをば 修行者ならで 誰か知るべき山号五剣山院号観自在院宗旨真言宗宗派大覚寺派創建（伝）天長6年（829年）本尊聖観世音菩薩開基（伝）空海（弘法大師）正式名五剣山 観自在院 八栗寺札所等四国八十八箇所八十五番札所ウィキペディア,2024-02-19T23:42:21.000+09:00
82514_12_afca4fa1b0bdfb7b210888c68bc6bf0d.jpg,82514,八栗寺,やくりじ,香川県高松市牟礼町牟礼字八栗3416番地,八栗寺（やくりじ）は、香川県高松市牟礼町牟礼にある真言宗大覚寺派の寺院。四国八十八箇所霊場の第八十五番札所。本尊は聖観音菩薩。本尊真言：おん あろりきゃ そわかご詠歌：煩悩を 胸の智火にて やくりをば 修行者ならで 誰か知るべき山号五剣山院号観自在院宗旨真言宗宗派大覚寺派創建（伝）天長6年（829年）本尊聖観世音菩薩開基（伝）空海（弘法大師）正式名五剣山 観自在院 八栗寺札所等四国八十八箇所八十五番札所ウィキペディア,2024-02-16T23:33:46.000+09:00
82514_13_fcc9b95aaae681648d271c3196c92a98.jpg,82514,八栗寺,やくりじ,香川県高松市牟礼町牟礼字八栗3416番地,八栗寺（やくりじ）は、香川県高松市牟礼町牟礼にある真言宗大覚寺派の寺院。四国八十八箇所霊場の第八十五番札所。本尊は聖観音菩薩。本尊真言：おん あろりきゃ そわかご詠歌：煩悩を 胸の智火にて やくりをば 修行者ならで 誰か知るべき山号五剣山院号観自在院宗旨真言宗宗派大覚寺派創建（伝）天長6年（829年）本尊聖観世音菩薩開基（伝）空海（弘法大師）正式名五剣山 観自在院 八栗寺札所等四国八十八箇所八十五番札所ウィキペディア,2023-08-07T20:55:26.000+09:00
82514_14_4d8f1e56a0ca2d3011e02eefece28d65.jpg,82514,八栗寺,やくりじ,香川県高松市牟礼町牟礼字八栗3416番地,八栗寺（やくりじ）は、香川県高松市牟礼町牟礼にある真言宗大覚寺派の寺院。四国八十八箇所霊場の第八十五番札所。本尊は聖観音菩薩。本尊真言：おん あろりきゃ そわかご詠歌：煩悩を 胸の智火にて やくりをば 修行者ならで 誰か知るべき山号五剣山院号観自在院宗旨真言宗宗派大覚寺派創建（伝）天長6年（829年）本尊聖観世音菩薩開基（伝）空海（弘法大師）正式名五剣山 観自在院 八栗寺札所等四国八十八箇所八十五番札所ウィキペディア,2023-06-02T11:42:00.000+09:00
82514_15_a691be6f2b1cf30706a781ced254c7b3.jpg,82514,八栗寺,やくりじ,香川県高松市牟礼町牟礼字八栗3416番地,八栗寺（やくりじ）は、香川県高松市牟礼町牟礼にある真言宗大覚寺派の寺院。四国八十八箇所霊場の第八十五番札所。本尊は聖観音菩薩。本尊真言：おん あろりきゃ そわかご詠歌：煩悩を 胸の智火にて やくりをば 修行者ならで 誰か知るべき山号五剣山院号観自在院宗旨真言宗宗派大覚寺派創建（伝）天長6年（829年）本尊聖観世音菩薩開基（伝）空海（弘法大師）正式名五剣山 観自在院 八栗寺札所等四国八十八箇所八十五番札所ウィキペディア,2023-03-18T16:41:27.000+09:00
82185_1_57373f69ed0bd231f93c2cc12594d9b3.jpg,82185,志度寺,しどじ,香川県さぬき市志度1102番地,志度寺（しどじ/しどうじ）は、香川県さぬき市志度にある寺院。宗派は真言宗善通寺派で、四国八十八箇所霊場の第八十六番札所。詳名は補陀洛山清浄光院志度寺。本尊は十一面観音。謡曲『海人』で知られる「海女の玉取り伝説」が伝えられており、境内に...山号補陀洛山院号清浄光院宗旨真言宗宗派善通寺派創建（伝）推古天皇33年（626年）本尊十一面観音菩薩開基（伝）尼凡薗子正式名補陀洛山 清浄光院 志度寺札所等四国八十八箇所86番文化財本堂、仁王門、木造十一面観世音菩薩両脇士立像ほか（国の重要文化財）閻魔堂・奪衣婆堂、木造如来形坐像、木造金剛力士立像（県文化財）絹本著色十一面観世音菩薩（市文化財）生駒親正墓塔、海女の墓五輪塔群（市史跡）ウィキペディア,2025-11-16T02:07:17.000+09:00
82185_2_a53f6d348d6b1983ecceedb70be21e2b.jpg,82185,志度寺,しどじ,香川県さぬき市志度1102番地,志度寺（しどじ/しどうじ）は、香川県さぬき市志度にある寺院。宗派は真言宗善通寺派で、四国八十八箇所霊場の第八十六番札所。詳名は補陀洛山清浄光院志度寺。本尊は十一面観音。謡曲『海人』で知られる「海女の玉取り伝説」が伝えられており、境内に...山号補陀洛山院号清浄光院宗旨真言宗宗派善通寺派創建（伝）推古天皇33年（626年）本尊十一面観音菩薩開基（伝）尼凡薗子正式名補陀洛山 清浄光院 志度寺札所等四国八十八箇所86番文化財本堂、仁王門、木造十一面観世音菩薩両脇士立像ほか（国の重要文化財）閻魔堂・奪衣婆堂、木造如来形坐像、木造金剛力士立像（県文化財）絹本著色十一面観世音菩薩（市文化財）生駒親正墓塔、海女の墓五輪塔群（市史跡）ウィキペディア,2025-11-08T21:17:24.000+09:00
82185_3_bcbcc5cf3e6b665af49602572c7e0f7e.jpg,82185,志度寺,しどじ,香川県さぬき市志度1102番地,志度寺（しどじ/しどうじ）は、香川県さぬき市志度にある寺院。宗派は真言宗善通寺派で、四国八十八箇所霊場の第八十六番札所。詳名は補陀洛山清浄光院志度寺。本尊は十一面観音。謡曲『海人』で知られる「海女の玉取り伝説」が伝えられており、境内に...山号補陀洛山院号清浄光院宗旨真言宗宗派善通寺派創建（伝）推古天皇33年（626年）本尊十一面観音菩薩開基（伝）尼凡薗子正式名補陀洛山 清浄光院 志度寺札所等四国八十八箇所86番文化財本堂、仁王門、木造十一面観世音菩薩両脇士立像ほか（国の重要文化財）閻魔堂・奪衣婆堂、木造如来形坐像、木造金剛力士立像（県文化財）絹本著色十一面観世音菩薩（市文化財）生駒親正墓塔、海女の墓五輪塔群（市史跡）ウィキペディア,2025-11-02T22:15:42.000+09:00
82185_4_0379a5caf93446a4aff243b4282dae8d.jpg,82185,志度寺,しどじ,香川県さぬき市志度1102番地,志度寺（しどじ/しどうじ）は、香川県さぬき市志度にある寺院。宗派は真言宗善通寺派で、四国八十八箇所霊場の第八十六番札所。詳名は補陀洛山清浄光院志度寺。本尊は十一面観音。謡曲『海人』で知られる「海女の玉取り伝説」が伝えられており、境内に...山号補陀洛山院号清浄光院宗旨真言宗宗派善通寺派創建（伝）推古天皇33年（626年）本尊十一面観音菩薩開基（伝）尼凡薗子正式名補陀洛山 清浄光院 志度寺札所等四国八十八箇所86番文化財本堂、仁王門、木造十一面観世音菩薩両脇士立像ほか（国の重要文化財）閻魔堂・奪衣婆堂、木造如来形坐像、木造金剛力士立像（県文化財）絹本著色十一面観世音菩薩（市文化財）生駒親正墓塔、海女の墓五輪塔群（市史跡）ウィキペディア,2025-06-09T19:28:19.000+09:00
82185_5_44de2d841e42a0739c9d92a55abf6cd2.jpg,82185,志度寺,しどじ,香川県さぬき市志度1102番地,志度寺（しどじ/しどうじ）は、香川県さぬき市志度にある寺院。宗派は真言宗善通寺派で、四国八十八箇所霊場の第八十六番札所。詳名は補陀洛山清浄光院志度寺。本尊は十一面観音。謡曲『海人』で知られる「海女の玉取り伝説」が伝えられており、境内に...山号補陀洛山院号清浄光院宗旨真言宗宗派善通寺派創建（伝）推古天皇33年（626年）本尊十一面観音菩薩開基（伝）尼凡薗子正式名補陀洛山 清浄光院 志度寺札所等四国八十八箇所86番文化財本堂、仁王門、木造十一面観世音菩薩両脇士立像ほか（国の重要文化財）閻魔堂・奪衣婆堂、木造如来形坐像、木造金剛力士立像（県文化財）絹本著色十一面観世音菩薩（市文化財）生駒親正墓塔、海女の墓五輪塔群（市史跡）ウィキペディア,2025-06-08T13:34:43.000+09:00
82185_6_ab5d77c4c0e9b2899a7b626595b879aa.jpg,82185,志度寺,しどじ,香川県さぬき市志度1102番地,志度寺（しどじ/しどうじ）は、香川県さぬき市志度にある寺院。宗派は真言宗善通寺派で、四国八十八箇所霊場の第八十六番札所。詳名は補陀洛山清浄光院志度寺。本尊は十一面観音。謡曲『海人』で知られる「海女の玉取り伝説」が伝えられており、境内に...山号補陀洛山院号清浄光院宗旨真言宗宗派善通寺派創建（伝）推古天皇33年（626年）本尊十一面観音菩薩開基（伝）尼凡薗子正式名補陀洛山 清浄光院 志度寺札所等四国八十八箇所86番文化財本堂、仁王門、木造十一面観世音菩薩両脇士立像ほか（国の重要文化財）閻魔堂・奪衣婆堂、木造如来形坐像、木造金剛力士立像（県文化財）絹本著色十一面観世音菩薩（市文化財）生駒親正墓塔、海女の墓五輪塔群（市史跡）ウィキペディア,2025-05-30T16:10:36.000+09:00
82185_7_c6d6e14892521b8e17fb5681b44c29dc.jpg,82185,志度寺,しどじ,香川県さぬき市志度1102番地,志度寺（しどじ/しどうじ）は、香川県さぬき市志度にある寺院。宗派は真言宗善通寺派で、四国八十八箇所霊場の第八十六番札所。詳名は補陀洛山清浄光院志度寺。本尊は十一面観音。謡曲『海人』で知られる「海女の玉取り伝説」が伝えられており、境内に...山号補陀洛山院号清浄光院宗旨真言宗宗派善通寺派創建（伝）推古天皇33年（626年）本尊十一面観音菩薩開基（伝）尼凡薗子正式名補陀洛山 清浄光院 志度寺札所等四国八十八箇所86番文化財本堂、仁王門、木造十一面観世音菩薩両脇士立像ほか（国の重要文化財）閻魔堂・奪衣婆堂、木造如来形坐像、木造金剛力士立像（県文化財）絹本著色十一面観世音菩薩（市文化財）生駒親正墓塔、海女の墓五輪塔群（市史跡）ウィキペディア,2025-03-12T19:35:45.000+09:00
82185_8_7e677ff273dd50e5247a72ddf2b53616.jpg,82185,志度寺,しどじ,香川県さぬき市志度1102番地,志度寺（しどじ/しどうじ）は、香川県さぬき市志度にある寺院。宗派は真言宗善通寺派で、四国八十八箇所霊場の第八十六番札所。詳名は補陀洛山清浄光院志度寺。本尊は十一面観音。謡曲『海人』で知られる「海女の玉取り伝説」が伝えられており、境内に...山号補陀洛山院号清浄光院宗旨真言宗宗派善通寺派創建（伝）推古天皇33年（626年）本尊十一面観音菩薩開基（伝）尼凡薗子正式名補陀洛山 清浄光院 志度寺札所等四国八十八箇所86番文化財本堂、仁王門、木造十一面観世音菩薩両脇士立像ほか（国の重要文化財）閻魔堂・奪衣婆堂、木造如来形坐像、木造金剛力士立像（県文化財）絹本著色十一面観世音菩薩（市文化財）生駒親正墓塔、海女の墓五輪塔群（市史跡）ウィキペディア,2025-03-11T09:43:39.000+09:00
82185_9_0a13d4a15549ff402d49339c01ae6af9.jpg,82185,志度寺,しどじ,香川県さぬき市志度1102番地,志度寺（しどじ/しどうじ）は、香川県さぬき市志度にある寺院。宗派は真言宗善通寺派で、四国八十八箇所霊場の第八十六番札所。詳名は補陀洛山清浄光院志度寺。本尊は十一面観音。謡曲『海人』で知られる「海女の玉取り伝説」が伝えられており、境内に...山号補陀洛山院号清浄光院宗旨真言宗宗派善通寺派創建（伝）推古天皇33年（626年）本尊十一面観音菩薩開基（伝）尼凡薗子正式名補陀洛山 清浄光院 志度寺札所等四国八十八箇所86番文化財本堂、仁王門、木造十一面観世音菩薩両脇士立像ほか（国の重要文化財）閻魔堂・奪衣婆堂、木造如来形坐像、木造金剛力士立像（県文化財）絹本著色十一面観世音菩薩（市文化財）生駒親正墓塔、海女の墓五輪塔群（市史跡）ウィキペディア,2025-03-04T09:54:12.000+09:00
82185_10_0d06207d195ece598bed767cf366de3b.jpg,82185,志度寺,しどじ,香川県さぬき市志度1102番地,志度寺（しどじ/しどうじ）は、香川県さぬき市志度にある寺院。宗派は真言宗善通寺派で、四国八十八箇所霊場の第八十六番札所。詳名は補陀洛山清浄光院志度寺。本尊は十一面観音。謡曲『海人』で知られる「海女の玉取り伝説」が伝えられており、境内に...山号補陀洛山院号清浄光院宗旨真言宗宗派善通寺派創建（伝）推古天皇33年（626年）本尊十一面観音菩薩開基（伝）尼凡薗子正式名補陀洛山 清浄光院 志度寺札所等四国八十八箇所86番文化財本堂、仁王門、木造十一面観世音菩薩両脇士立像ほか（国の重要文化財）閻魔堂・奪衣婆堂、木造如来形坐像、木造金剛力士立像（県文化財）絹本著色十一面観世音菩薩（市文化財）生駒親正墓塔、海女の墓五輪塔群（市史跡）ウィキペディア,2024-05-06T13:03:32.000+09:00
82185_11_d28b76c274a9769b810900840a31c120.jpg,82185,志度寺,しどじ,香川県さぬき市志度1102番地,志度寺（しどじ/しどうじ）は、香川県さぬき市志度にある寺院。宗派は真言宗善通寺派で、四国八十八箇所霊場の第八十六番札所。詳名は補陀洛山清浄光院志度寺。本尊は十一面観音。謡曲『海人』で知られる「海女の玉取り伝説」が伝えられており、境内に...山号補陀洛山院号清浄光院宗旨真言宗宗派善通寺派創建（伝）推古天皇33年（626年）本尊十一面観音菩薩開基（伝）尼凡薗子正式名補陀洛山 清浄光院 志度寺札所等四国八十八箇所86番文化財本堂、仁王門、木造十一面観世音菩薩両脇士立像ほか（国の重要文化財）閻魔堂・奪衣婆堂、木造如来形坐像、木造金剛力士立像（県文化財）絹本著色十一面観世音菩薩（市文化財）生駒親正墓塔、海女の墓五輪塔群（市史跡）ウィキペディア,2024-05-04T21:10:52.000+09:00
82185_12_f2c1aa0c7a8a5af4ed83386d7be32de9.jpg,82185,志度寺,しどじ,香川県さぬき市志度1102番地,志度寺（しどじ/しどうじ）は、香川県さぬき市志度にある寺院。宗派は真言宗善通寺派で、四国八十八箇所霊場の第八十六番札所。詳名は補陀洛山清浄光院志度寺。本尊は十一面観音。謡曲『海人』で知られる「海女の玉取り伝説」が伝えられており、境内に...山号補陀洛山院号清浄光院宗旨真言宗宗派善通寺派創建（伝）推古天皇33年（626年）本尊十一面観音菩薩開基（伝）尼凡薗子正式名補陀洛山 清浄光院 志度寺札所等四国八十八箇所86番文化財本堂、仁王門、木造十一面観世音菩薩両脇士立像ほか（国の重要文化財）閻魔堂・奪衣婆堂、木造如来形坐像、木造金剛力士立像（県文化財）絹本著色十一面観世音菩薩（市文化財）生駒親正墓塔、海女の墓五輪塔群（市史跡）ウィキペディア,2024-04-18T16:49:49.000+09:00
82185_13_4807c0a8dd4ade2c807c227b27b1a9c7.jpg,82185,志度寺,しどじ,香川県さぬき市志度1102番地,志度寺（しどじ/しどうじ）は、香川県さぬき市志度にある寺院。宗派は真言宗善通寺派で、四国八十八箇所霊場の第八十六番札所。詳名は補陀洛山清浄光院志度寺。本尊は十一面観音。謡曲『海人』で知られる「海女の玉取り伝説」が伝えられており、境内に...山号補陀洛山院号清浄光院宗旨真言宗宗派善通寺派創建（伝）推古天皇33年（626年）本尊十一面観音菩薩開基（伝）尼凡薗子正式名補陀洛山 清浄光院 志度寺札所等四国八十八箇所86番文化財本堂、仁王門、木造十一面観世音菩薩両脇士立像ほか（国の重要文化財）閻魔堂・奪衣婆堂、木造如来形坐像、木造金剛力士立像（県文化財）絹本著色十一面観世音菩薩（市文化財）生駒親正墓塔、海女の墓五輪塔群（市史跡）ウィキペディア,2023-10-10T22:54:47.000+09:00
82185_14_c0c114e43204dd402d35c311d66a92fd.jpg,82185,志度寺,しどじ,香川県さぬき市志度1102番地,志度寺（しどじ/しどうじ）は、香川県さぬき市志度にある寺院。宗派は真言宗善通寺派で、四国八十八箇所霊場の第八十六番札所。詳名は補陀洛山清浄光院志度寺。本尊は十一面観音。謡曲『海人』で知られる「海女の玉取り伝説」が伝えられており、境内に...山号補陀洛山院号清浄光院宗旨真言宗宗派善通寺派創建（伝）推古天皇33年（626年）本尊十一面観音菩薩開基（伝）尼凡薗子正式名補陀洛山 清浄光院 志度寺札所等四国八十八箇所86番文化財本堂、仁王門、木造十一面観世音菩薩両脇士立像ほか（国の重要文化財）閻魔堂・奪衣婆堂、木造如来形坐像、木造金剛力士立像（県文化財）絹本著色十一面観世音菩薩（市文化財）生駒親正墓塔、海女の墓五輪塔群（市史跡）ウィキペディア,2023-09-02T00:37:19.000+09:00
82185_15_74e9e2293533460f13a3a8915c65f23a.jpg,82185,志度寺,しどじ,香川県さぬき市志度1102番地,志度寺（しどじ/しどうじ）は、香川県さぬき市志度にある寺院。宗派は真言宗善通寺派で、四国八十八箇所霊場の第八十六番札所。詳名は補陀洛山清浄光院志度寺。本尊は十一面観音。謡曲『海人』で知られる「海女の玉取り伝説」が伝えられており、境内に...山号補陀洛山院号清浄光院宗旨真言宗宗派善通寺派創建（伝）推古天皇33年（626年）本尊十一面観音菩薩開基（伝）尼凡薗子正式名補陀洛山 清浄光院 志度寺札所等四国八十八箇所86番文化財本堂、仁王門、木造十一面観世音菩薩両脇士立像ほか（国の重要文化財）閻魔堂・奪衣婆堂、木造如来形坐像、木造金剛力士立像（県文化財）絹本著色十一面観世音菩薩（市文化財）生駒親正墓塔、海女の墓五輪塔群（市史跡）ウィキペディア,2023-09-02T00:37:19.000+09:00
82409_1_1cf27a73b32a0e4fb0338dacecfa8ae2.jpg,82409,長尾寺,ながおじ,香川県さぬき市長尾西653番地,長尾寺（ながおじ）は、香川県さぬき市長尾西にある寺院。四国八十八箇所霊場の第八十七番札所。本尊は聖観世音菩薩。宗派は天台宗（かつては真言宗だったが、天海により天台宗に改められた）。本尊真言：おん あろりきゃ そわかご詠歌：あしびきの ...山号補陀落山院号観音院宗旨天台宗寺格別格本山創建(伝)天平十一年(739年)本尊聖観世音菩薩開基(伝)行基菩薩中興年天和元年(1681年)中興松平頼常正式名補陀落山　観音院　長尾寺札所等四国霊場第八十七番札所ウィキペディア,2025-11-16T02:09:04.000+09:00
82409_2_eb3b78434f5df3dbe8b51d44f001aef7.jpg,82409,長尾寺,ながおじ,香川県さぬき市長尾西653番地,長尾寺（ながおじ）は、香川県さぬき市長尾西にある寺院。四国八十八箇所霊場の第八十七番札所。本尊は聖観世音菩薩。宗派は天台宗（かつては真言宗だったが、天海により天台宗に改められた）。本尊真言：おん あろりきゃ そわかご詠歌：あしびきの ...山号補陀落山院号観音院宗旨天台宗寺格別格本山創建(伝)天平十一年(739年)本尊聖観世音菩薩開基(伝)行基菩薩中興年天和元年(1681年)中興松平頼常正式名補陀落山　観音院　長尾寺札所等四国霊場第八十七番札所ウィキペディア,2025-11-08T21:18:09.000+09:00
82409_3_0c68db9c93e935333b5da1861ebf88aa.jpg,82409,長尾寺,ながおじ,香川県さぬき市長尾西653番地,長尾寺（ながおじ）は、香川県さぬき市長尾西にある寺院。四国八十八箇所霊場の第八十七番札所。本尊は聖観世音菩薩。宗派は天台宗（かつては真言宗だったが、天海により天台宗に改められた）。本尊真言：おん あろりきゃ そわかご詠歌：あしびきの ...山号補陀落山院号観音院宗旨天台宗寺格別格本山創建(伝)天平十一年(739年)本尊聖観世音菩薩開基(伝)行基菩薩中興年天和元年(1681年)中興松平頼常正式名補陀落山　観音院　長尾寺札所等四国霊場第八十七番札所ウィキペディア,2025-11-02T22:18:45.000+09:00
82409_4_8d6e95f00556db6a3c23b25b51361c32.jpg,82409,長尾寺,ながおじ,香川県さぬき市長尾西653番地,長尾寺（ながおじ）は、香川県さぬき市長尾西にある寺院。四国八十八箇所霊場の第八十七番札所。本尊は聖観世音菩薩。宗派は天台宗（かつては真言宗だったが、天海により天台宗に改められた）。本尊真言：おん あろりきゃ そわかご詠歌：あしびきの ...山号補陀落山院号観音院宗旨天台宗寺格別格本山創建(伝)天平十一年(739年)本尊聖観世音菩薩開基(伝)行基菩薩中興年天和元年(1681年)中興松平頼常正式名補陀落山　観音院　長尾寺札所等四国霊場第八十七番札所ウィキペディア,2025-05-20T19:23:35.000+09:00
82409_5_3a6db2b6ef829721af80908860c9e163.jpg,82409,長尾寺,ながおじ,香川県さぬき市長尾西653番地,長尾寺（ながおじ）は、香川県さぬき市長尾西にある寺院。四国八十八箇所霊場の第八十七番札所。本尊は聖観世音菩薩。宗派は天台宗（かつては真言宗だったが、天海により天台宗に改められた）。本尊真言：おん あろりきゃ そわかご詠歌：あしびきの ...山号補陀落山院号観音院宗旨天台宗寺格別格本山創建(伝)天平十一年(739年)本尊聖観世音菩薩開基(伝)行基菩薩中興年天和元年(1681年)中興松平頼常正式名補陀落山　観音院　長尾寺札所等四国霊場第八十七番札所ウィキペディア,2025-05-13T19:17:16.000+09:00
82409_6_a0d149cedae1bf554ba4f5fb32ecd3ff.jpg,82409,長尾寺,ながおじ,香川県さぬき市長尾西653番地,長尾寺（ながおじ）は、香川県さぬき市長尾西にある寺院。四国八十八箇所霊場の第八十七番札所。本尊は聖観世音菩薩。宗派は天台宗（かつては真言宗だったが、天海により天台宗に改められた）。本尊真言：おん あろりきゃ そわかご詠歌：あしびきの ...山号補陀落山院号観音院宗旨天台宗寺格別格本山創建(伝)天平十一年(739年)本尊聖観世音菩薩開基(伝)行基菩薩中興年天和元年(1681年)中興松平頼常正式名補陀落山　観音院　長尾寺札所等四国霊場第八十七番札所ウィキペディア,2025-05-02T19:03:59.000+09:00
82409_7_b2f8cafb26b02cd697cf0361b3809940.jpg,82409,長尾寺,ながおじ,香川県さぬき市長尾西653番地,長尾寺（ながおじ）は、香川県さぬき市長尾西にある寺院。四国八十八箇所霊場の第八十七番札所。本尊は聖観世音菩薩。宗派は天台宗（かつては真言宗だったが、天海により天台宗に改められた）。本尊真言：おん あろりきゃ そわかご詠歌：あしびきの ...山号補陀落山院号観音院宗旨天台宗寺格別格本山創建(伝)天平十一年(739年)本尊聖観世音菩薩開基(伝)行基菩薩中興年天和元年(1681年)中興松平頼常正式名補陀落山　観音院　長尾寺札所等四国霊場第八十七番札所ウィキペディア,2024-09-22T11:23:23.000+09:00
82409_8_ab0ac3baef34c990478e9cddf8ec8835.jpg,82409,長尾寺,ながおじ,香川県さぬき市長尾西653番地,長尾寺（ながおじ）は、香川県さぬき市長尾西にある寺院。四国八十八箇所霊場の第八十七番札所。本尊は聖観世音菩薩。宗派は天台宗（かつては真言宗だったが、天海により天台宗に改められた）。本尊真言：おん あろりきゃ そわかご詠歌：あしびきの ...山号補陀落山院号観音院宗旨天台宗寺格別格本山創建(伝)天平十一年(739年)本尊聖観世音菩薩開基(伝)行基菩薩中興年天和元年(1681年)中興松平頼常正式名補陀落山　観音院　長尾寺札所等四国霊場第八十七番札所ウィキペディア,2024-09-05T17:10:35.000+09:00
82409_9_5ec67c1b6e49ca239598c867223a73e0.jpg,82409,長尾寺,ながおじ,香川県さぬき市長尾西653番地,長尾寺（ながおじ）は、香川県さぬき市長尾西にある寺院。四国八十八箇所霊場の第八十七番札所。本尊は聖観世音菩薩。宗派は天台宗（かつては真言宗だったが、天海により天台宗に改められた）。本尊真言：おん あろりきゃ そわかご詠歌：あしびきの ...山号補陀落山院号観音院宗旨天台宗寺格別格本山創建(伝)天平十一年(739年)本尊聖観世音菩薩開基(伝)行基菩薩中興年天和元年(1681年)中興松平頼常正式名補陀落山　観音院　長尾寺札所等四国霊場第八十七番札所ウィキペディア,2024-08-04T21:20:18.000+09:00
82409_10_c338fddedb818c0bdce68dd2c94106cc.jpg,82409,長尾寺,ながおじ,香川県さぬき市長尾西653番地,長尾寺（ながおじ）は、香川県さぬき市長尾西にある寺院。四国八十八箇所霊場の第八十七番札所。本尊は聖観世音菩薩。宗派は天台宗（かつては真言宗だったが、天海により天台宗に改められた）。本尊真言：おん あろりきゃ そわかご詠歌：あしびきの ...山号補陀落山院号観音院宗旨天台宗寺格別格本山創建(伝)天平十一年(739年)本尊聖観世音菩薩開基(伝)行基菩薩中興年天和元年(1681年)中興松平頼常正式名補陀落山　観音院　長尾寺札所等四国霊場第八十七番札所ウィキペディア,2023-10-11T00:10:58.000+09:00
82409_11_f309865889e6d899ee590a2595380a9f.jpg,82409,長尾寺,ながおじ,香川県さぬき市長尾西653番地,長尾寺（ながおじ）は、香川県さぬき市長尾西にある寺院。四国八十八箇所霊場の第八十七番札所。本尊は聖観世音菩薩。宗派は天台宗（かつては真言宗だったが、天海により天台宗に改められた）。本尊真言：おん あろりきゃ そわかご詠歌：あしびきの ...山号補陀落山院号観音院宗旨天台宗寺格別格本山創建(伝)天平十一年(739年)本尊聖観世音菩薩開基(伝)行基菩薩中興年天和元年(1681年)中興松平頼常正式名補陀落山　観音院　長尾寺札所等四国霊場第八十七番札所ウィキペディア,2023-10-07T08:29:00.000+09:00
82409_12_3ff0de3f41e1b726bd777aa14c8ae7e0.jpg,82409,長尾寺,ながおじ,香川県さぬき市長尾西653番地,長尾寺（ながおじ）は、香川県さぬき市長尾西にある寺院。四国八十八箇所霊場の第八十七番札所。本尊は聖観世音菩薩。宗派は天台宗（かつては真言宗だったが、天海により天台宗に改められた）。本尊真言：おん あろりきゃ そわかご詠歌：あしびきの ...山号補陀落山院号観音院宗旨天台宗寺格別格本山創建(伝)天平十一年(739年)本尊聖観世音菩薩開基(伝)行基菩薩中興年天和元年(1681年)中興松平頼常正式名補陀落山　観音院　長尾寺札所等四国霊場第八十七番札所ウィキペディア,2023-09-02T00:22:30.000+09:00
82409_13_52d73d1af3a3139f110b350f3f815165.jpg,82409,長尾寺,ながおじ,香川県さぬき市長尾西653番地,長尾寺（ながおじ）は、香川県さぬき市長尾西にある寺院。四国八十八箇所霊場の第八十七番札所。本尊は聖観世音菩薩。宗派は天台宗（かつては真言宗だったが、天海により天台宗に改められた）。本尊真言：おん あろりきゃ そわかご詠歌：あしびきの ...山号補陀落山院号観音院宗旨天台宗寺格別格本山創建(伝)天平十一年(739年)本尊聖観世音菩薩開基(伝)行基菩薩中興年天和元年(1681年)中興松平頼常正式名補陀落山　観音院　長尾寺札所等四国霊場第八十七番札所ウィキペディア,2021-04-12T19:25:44.000+09:00
82409_14_0d578dceeb3224f33c0cf0c1ba508ab8.jpg,82409,長尾寺,ながおじ,香川県さぬき市長尾西653番地,長尾寺（ながおじ）は、香川県さぬき市長尾西にある寺院。四国八十八箇所霊場の第八十七番札所。本尊は聖観世音菩薩。宗派は天台宗（かつては真言宗だったが、天海により天台宗に改められた）。本尊真言：おん あろりきゃ そわかご詠歌：あしびきの ...山号補陀落山院号観音院宗旨天台宗寺格別格本山創建(伝)天平十一年(739年)本尊聖観世音菩薩開基(伝)行基菩薩中興年天和元年(1681年)中興松平頼常正式名補陀落山　観音院　長尾寺札所等四国霊場第八十七番札所ウィキペディア,2021-01-13T20:49:30.000+09:00
82409_15_db8ba0739cbd0afd8fe9670b73ce996f.jpg,82409,長尾寺,ながおじ,香川県さぬき市長尾西653番地,長尾寺（ながおじ）は、香川県さぬき市長尾西にある寺院。四国八十八箇所霊場の第八十七番札所。本尊は聖観世音菩薩。宗派は天台宗（かつては真言宗だったが、天海により天台宗に改められた）。本尊真言：おん あろりきゃ そわかご詠歌：あしびきの ...山号補陀落山院号観音院宗旨天台宗寺格別格本山創建(伝)天平十一年(739年)本尊聖観世音菩薩開基(伝)行基菩薩中興年天和元年(1681年)中興松平頼常正式名補陀落山　観音院　長尾寺札所等四国霊場第八十七番札所ウィキペディア,2020-12-21T03:26:39.000+09:00
82616_1_ed4b5f748785e0e34f3355b1d2007931.jpg,82616,大窪寺,おおくぼじ,香川県さぬき市多和兼割96番地,大窪寺（おおくぼじ）は、香川県さぬき市にある寺院。医王山（いおうざん）遍照光院（へんじょうこういん）大窪寺と号する。本尊は薬師如来。宗派は真言宗大覚寺派。四国八十八箇所霊場の第八十八番札所であり、納経印は「結願所」（けちがんしょ）とな...山号医王山院号遍照光院宗旨真言宗宗派大覚寺派創建（伝）養老年間（717年 - 724年）本尊薬師如来開基（伝）行基菩薩正式名医王山 遍照光院 大窪寺別名四国霊場結願所札所等四国霊場第八十八番札所ウィキペディア,2025-11-16T02:10:34.000+09:00
82616_2_72995f8d1c7f22c94e7e132be4143e43.jpg,82616,大窪寺,おおくぼじ,香川県さぬき市多和兼割96番地,大窪寺（おおくぼじ）は、香川県さぬき市にある寺院。医王山（いおうざん）遍照光院（へんじょうこういん）大窪寺と号する。本尊は薬師如来。宗派は真言宗大覚寺派。四国八十八箇所霊場の第八十八番札所であり、納経印は「結願所」（けちがんしょ）とな...山号医王山院号遍照光院宗旨真言宗宗派大覚寺派創建（伝）養老年間（717年 - 724年）本尊薬師如来開基（伝）行基菩薩正式名医王山 遍照光院 大窪寺別名四国霊場結願所札所等四国霊場第八十八番札所ウィキペディア,2025-11-08T21:19:33.000+09:00
82616_3_034352eaa3595a5cb1ece70d02794edb.jpg,82616,大窪寺,おおくぼじ,香川県さぬき市多和兼割96番地,大窪寺（おおくぼじ）は、香川県さぬき市にある寺院。医王山（いおうざん）遍照光院（へんじょうこういん）大窪寺と号する。本尊は薬師如来。宗派は真言宗大覚寺派。四国八十八箇所霊場の第八十八番札所であり、納経印は「結願所」（けちがんしょ）とな...山号医王山院号遍照光院宗旨真言宗宗派大覚寺派創建（伝）養老年間（717年 - 724年）本尊薬師如来開基（伝）行基菩薩正式名医王山 遍照光院 大窪寺別名四国霊場結願所札所等四国霊場第八十八番札所ウィキペディア,2025-11-06T07:33:29.000+09:00
82616_4_a035db20351bd0a5a0fb3eb926800478.jpg,82616,大窪寺,おおくぼじ,香川県さぬき市多和兼割96番地,大窪寺（おおくぼじ）は、香川県さぬき市にある寺院。医王山（いおうざん）遍照光院（へんじょうこういん）大窪寺と号する。本尊は薬師如来。宗派は真言宗大覚寺派。四国八十八箇所霊場の第八十八番札所であり、納経印は「結願所」（けちがんしょ）とな...山号医王山院号遍照光院宗旨真言宗宗派大覚寺派創建（伝）養老年間（717年 - 724年）本尊薬師如来開基（伝）行基菩薩正式名医王山 遍照光院 大窪寺別名四国霊場結願所札所等四国霊場第八十八番札所ウィキペディア,2025-06-23T20:50:11.000+09:00
82616_5_fe5a0fb6a2bf3882566dc2d511b49d19.jpg,82616,大窪寺,おおくぼじ,香川県さぬき市多和兼割96番地,大窪寺（おおくぼじ）は、香川県さぬき市にある寺院。医王山（いおうざん）遍照光院（へんじょうこういん）大窪寺と号する。本尊は薬師如来。宗派は真言宗大覚寺派。四国八十八箇所霊場の第八十八番札所であり、納経印は「結願所」（けちがんしょ）とな...山号医王山院号遍照光院宗旨真言宗宗派大覚寺派創建（伝）養老年間（717年 - 724年）本尊薬師如来開基（伝）行基菩薩正式名医王山 遍照光院 大窪寺別名四国霊場結願所札所等四国霊場第八十八番札所ウィキペディア,2025-06-13T11:00:19.000+09:00
82616_6_36f18a6f5784a423ac5500c8d8af0abe.jpg,82616,大窪寺,おおくぼじ,香川県さぬき市多和兼割96番地,大窪寺（おおくぼじ）は、香川県さぬき市にある寺院。医王山（いおうざん）遍照光院（へんじょうこういん）大窪寺と号する。本尊は薬師如来。宗派は真言宗大覚寺派。四国八十八箇所霊場の第八十八番札所であり、納経印は「結願所」（けちがんしょ）とな...山号医王山院号遍照光院宗旨真言宗宗派大覚寺派創建（伝）養老年間（717年 - 724年）本尊薬師如来開基（伝）行基菩薩正式名医王山 遍照光院 大窪寺別名四国霊場結願所札所等四国霊場第八十八番札所ウィキペディア,2025-06-09T19:26:27.000+09:00
82616_7_879ea5da1497d539f1c6fa8168a4cc78.jpg,82616,大窪寺,おおくぼじ,香川県さぬき市多和兼割96番地,大窪寺（おおくぼじ）は、香川県さぬき市にある寺院。医王山（いおうざん）遍照光院（へんじょうこういん）大窪寺と号する。本尊は薬師如来。宗派は真言宗大覚寺派。四国八十八箇所霊場の第八十八番札所であり、納経印は「結願所」（けちがんしょ）とな...山号医王山院号遍照光院宗旨真言宗宗派大覚寺派創建（伝）養老年間（717年 - 724年）本尊薬師如来開基（伝）行基菩薩正式名医王山 遍照光院 大窪寺別名四国霊場結願所札所等四国霊場第八十八番札所ウィキペディア,2025-03-17T07:54:19.000+09:00
82616_8_663fbcc46547427a68905b42357ecf04.jpg,82616,大窪寺,おおくぼじ,香川県さぬき市多和兼割96番地,大窪寺（おおくぼじ）は、香川県さぬき市にある寺院。医王山（いおうざん）遍照光院（へんじょうこういん）大窪寺と号する。本尊は薬師如来。宗派は真言宗大覚寺派。四国八十八箇所霊場の第八十八番札所であり、納経印は「結願所」（けちがんしょ）とな...山号医王山院号遍照光院宗旨真言宗宗派大覚寺派創建（伝）養老年間（717年 - 724年）本尊薬師如来開基（伝）行基菩薩正式名医王山 遍照光院 大窪寺別名四国霊場結願所札所等四国霊場第八十八番札所ウィキペディア,2025-03-12T19:37:03.000+09:00
82616_9_13e915bdee446396e7baa2d51f785c61.jpg,82616,大窪寺,おおくぼじ,香川県さぬき市多和兼割96番地,大窪寺（おおくぼじ）は、香川県さぬき市にある寺院。医王山（いおうざん）遍照光院（へんじょうこういん）大窪寺と号する。本尊は薬師如来。宗派は真言宗大覚寺派。四国八十八箇所霊場の第八十八番札所であり、納経印は「結願所」（けちがんしょ）とな...山号医王山院号遍照光院宗旨真言宗宗派大覚寺派創建（伝）養老年間（717年 - 724年）本尊薬師如来開基（伝）行基菩薩正式名医王山 遍照光院 大窪寺別名四国霊場結願所札所等四国霊場第八十八番札所ウィキペディア,2025-03-11T10:00:55.000+09:00
82616_10_28c93a3f153a41e2b7adffaf91e235ff.jpg,82616,大窪寺,おおくぼじ,香川県さぬき市多和兼割96番地,大窪寺（おおくぼじ）は、香川県さぬき市にある寺院。医王山（いおうざん）遍照光院（へんじょうこういん）大窪寺と号する。本尊は薬師如来。宗派は真言宗大覚寺派。四国八十八箇所霊場の第八十八番札所であり、納経印は「結願所」（けちがんしょ）とな...山号医王山院号遍照光院宗旨真言宗宗派大覚寺派創建（伝）養老年間（717年 - 724年）本尊薬師如来開基（伝）行基菩薩正式名医王山 遍照光院 大窪寺別名四国霊場結願所札所等四国霊場第八十八番札所ウィキペディア,2024-02-16T16:16:27.000+09:00
82616_11_2a0378699b884d97d12fc02b77cb3fea.jpg,82616,大窪寺,おおくぼじ,香川県さぬき市多和兼割96番地,大窪寺（おおくぼじ）は、香川県さぬき市にある寺院。医王山（いおうざん）遍照光院（へんじょうこういん）大窪寺と号する。本尊は薬師如来。宗派は真言宗大覚寺派。四国八十八箇所霊場の第八十八番札所であり、納経印は「結願所」（けちがんしょ）とな...山号医王山院号遍照光院宗旨真言宗宗派大覚寺派創建（伝）養老年間（717年 - 724年）本尊薬師如来開基（伝）行基菩薩正式名医王山 遍照光院 大窪寺別名四国霊場結願所札所等四国霊場第八十八番札所ウィキペディア,2024-02-15T05:54:41.000+09:00
82616_12_680a717f38b2fd08db53e4987edba8b6.jpg,82616,大窪寺,おおくぼじ,香川県さぬき市多和兼割96番地,大窪寺（おおくぼじ）は、香川県さぬき市にある寺院。医王山（いおうざん）遍照光院（へんじょうこういん）大窪寺と号する。本尊は薬師如来。宗派は真言宗大覚寺派。四国八十八箇所霊場の第八十八番札所であり、納経印は「結願所」（けちがんしょ）とな...山号医王山院号遍照光院宗旨真言宗宗派大覚寺派創建（伝）養老年間（717年 - 724年）本尊薬師如来開基（伝）行基菩薩正式名医王山 遍照光院 大窪寺別名四国霊場結願所札所等四国霊場第八十八番札所ウィキペディア,2024-02-15T05:54:38.000+09:00
82616_13_4b7adb22988742fc57a3ea2dfab32684.jpg,82616,大窪寺,おおくぼじ,香川県さぬき市多和兼割96番地,大窪寺（おおくぼじ）は、香川県さぬき市にある寺院。医王山（いおうざん）遍照光院（へんじょうこういん）大窪寺と号する。本尊は薬師如来。宗派は真言宗大覚寺派。四国八十八箇所霊場の第八十八番札所であり、納経印は「結願所」（けちがんしょ）とな...山号医王山院号遍照光院宗旨真言宗宗派大覚寺派創建（伝）養老年間（717年 - 724年）本尊薬師如来開基（伝）行基菩薩正式名医王山 遍照光院 大窪寺別名四国霊場結願所札所等四国霊場第八十八番札所ウィキペディア,2023-10-06T22:12:45.000+09:00
82616_14_048b1f659276c838c9f14136c3ac2eb8.jpg,82616,大窪寺,おおくぼじ,香川県さぬき市多和兼割96番地,大窪寺（おおくぼじ）は、香川県さぬき市にある寺院。医王山（いおうざん）遍照光院（へんじょうこういん）大窪寺と号する。本尊は薬師如来。宗派は真言宗大覚寺派。四国八十八箇所霊場の第八十八番札所であり、納経印は「結願所」（けちがんしょ）とな...山号医王山院号遍照光院宗旨真言宗宗派大覚寺派創建（伝）養老年間（717年 - 724年）本尊薬師如来開基（伝）行基菩薩正式名医王山 遍照光院 大窪寺別名四国霊場結願所札所等四国霊場第八十八番札所ウィキペディア,2023-08-29T23:41:21.000+09:00
82616_15_29c67ea21f92af54422d77b0d7517144.jpg,82616,大窪寺,おおくぼじ,香川県さぬき市多和兼割96番地,大窪寺（おおくぼじ）は、香川県さぬき市にある寺院。医王山（いおうざん）遍照光院（へんじょうこういん）大窪寺と号する。本尊は薬師如来。宗派は真言宗大覚寺派。四国八十八箇所霊場の第八十八番札所であり、納経印は「結願所」（けちがんしょ）とな...山号医王山院号遍照光院宗旨真言宗宗派大覚寺派創建（伝）養老年間（717年 - 724年）本尊薬師如来開基（伝）行基菩薩正式名医王山 遍照光院 大窪寺別名四国霊場結願所札所等四国霊場第八十八番札所ウィキペディア,2023-08-29T23:41:20.000+09:00
